addressLine1,city,state,zipCode,formattedAddress,squareFootage,yearBuilt,bathrooms,bedrooms,lotSize,propertyType,longitude,latitude
30631 W Celeborn Dr,Buckeye,AZ,85396,"30631 W Celeborn Dr, Buckeye, AZ 85396",2025.0,2021.0,3.0,0.0,6960.0,Single Family,-112.710832,33.481631
1212 Horseman Pl,Bismarck,ND,58501,"1212 Horseman Pl, Bismarck, ND 58501",2306.0,2013.0,3.0,4.0,20491.0,Single Family,-100.746177,46.818761
11030 Creekbridge Pl,San Diego,CA,92128,"11030 Creekbridge Pl, San Diego, CA 92128",1273.0,2000.0,2.5,2.0,145899.0,Condo,-117.092509,32.945955
1113 W High St,Haddon Heights,NJ,8035,"1113 W High St, Haddon Heights, NJ 08035",1936.0,0.0,1.5,3.0,0.0,Single Family,-75.067199,39.875404
441 Janice Kay Pl,Kissimmee,FL,34744,"441 Janice Kay Pl, Kissimmee, FL 34744",2620.0,2005.0,2.0,3.0,5489.0,Single Family,-81.335555,28.287159
1145 Broadway,Somerville,MA,2144,"1145 Broadway, Apt 5, Somerville, MA 02144",0.0,0.0,1.0,1.0,0.0,Apartment,-71.127231,42.403288
Tahitian Gardens Cir,Holiday,FL,34691,"Tahitian Gardens Cir, Apt 23H, Holiday, FL 34691",0.0,0.0,0.0,0.0,0.0,Unknown,-82.74283199999999,28.192739
12 Tamarack Cir,Eagleville,PA,19403,"12 Tamarack Cir, Lot 86, Eagleville, PA 19403",1908.0,2020.0,2.5,3.0,3320.0,Townhouse,-75.32344647,40.17990147
1249 15th St SW,Birmingham,AL,35211,"1249 15th St SW, Birmingham, AL 35211",1006.0,1930.0,1.0,3.0,7000.0,Single Family,-86.85019,33.483886
PO Box 693,Roscoe,PA,15477,"PO Box 693, Roscoe, PA 15477",0.0,0.0,0.0,0.0,0.0,Unknown,-79.861806,40.079149
1701 Eutaw Pl,Baltimore,MD,21217,"1701 Eutaw Pl, Apt 302, Baltimore, MD 21217",0.0,0.0,0.0,0.0,0.0,Unknown,-76.629907,39.307626
505 Green St,Rock Hill,SC,29730,"505 Green St, Rm 3, Rock Hill, SC 29730",0.0,0.0,2.0,3.0,0.0,Condo,-81.03067,34.918175
704 W Taylor St,Griffin,GA,30223,"704 W Taylor St, Griffin, GA 30223",0.0,0.0,0.0,0.0,0.0,Unknown,-84.273744,33.246956
98 Margery Dr,East Hartford,CT,6118,"98 Margery Dr, East Hartford, CT 06118",912.0,1958.0,1.0,3.0,10019.0,Single Family,-72.597643,41.756369
412 Pine Glen Ln,Greenacres,FL,33463,"412 Pine Glen Ln, Apt A-2, Greenacres, FL 33463",929.0,1981.0,2.0,2.0,43560.0,Condo,-80.143135,26.606184
4506 Westminster,Benton,AR,72019,"4506 Westminster, Benton, AR 72019",2501.0,2005.0,2.5,0.0,45250.0,Single Family,-92.533156,34.615533
441 Nw 106th St,Miami,FL,33150,"441 Nw 106th St, Miami, FL 33150",1489.0,1947.0,2.0,3.0,6000.0,Single Family,-80.205606,25.87254
220 Pine Tree Trl,Crescent City,FL,32112,"220 Pine Tree Trl, Crescent City, FL 32112",1152.0,2006.0,0.0,0.0,18295.0,Manufactured,-81.555147,29.488092
937 N Iowa St,Olathe,KS,66061,"937 N Iowa St, Olathe, KS 66061",0.0,0.0,0.0,0.0,0.0,Unknown,-94.825332,38.894127
1181 Amber Pines Dr,Leland,NC,28451,"1181 Amber Pines Dr, Leland, NC 28451",1233.0,2005.0,2.0,3.0,0.0,Single Family,-78.073596,34.266491
520 S Mill St,Lexington,KY,40508,"520 S Mill St, Lexington, KY 40508",4503.0,2006.0,4.5,4.0,3049.0,Townhouse,-84.504689,38.043848
1233 Ridge Ave,Steubenville,OH,43952,"1233 Ridge Ave, Steubenville, OH 43952",1356.0,1910.0,1.0,2.0,5663.0,Single Family,-80.624429,40.367883
PO Box 832134,Ocala,FL,34483,"PO Box 832134, Ocala, FL 34483",0.0,0.0,0.0,0.0,0.0,Unknown,-82.0414,29.1316
910 Stratford Ave,Wichita Falls,TX,76306,"910 Stratford Ave, Wichita Falls, TX 76306",580.0,1928.0,1.0,1.0,7000.0,Single Family,-98.507772,33.924402
7325 Wayfarer Trl,Fort Worth,TX,76137,"7325 Wayfarer Trl, Fort Worth, TX 76137",1075.0,1983.0,2.0,2.0,9087.0,Single Family,-97.300492,32.872637
3041 Morsetowne Ct N,Columbus,OH,43224,"3041 Morsetowne Ct N, Columbus, OH 43224",896.0,1972.0,1.0,2.0,0.0,Condo,-82.935738,40.057272
98161 Golf Club Dr,Diamondhead,MS,39525,"98161 Golf Club Dr, Diamondhead, MS 39525",1812.0,1972.0,3.0,4.0,10890.0,Single Family,-89.35276,30.39855
414 S East St,Lebanon,OH,45036,"414 S East St, Lebanon, OH 45036",0.0,0.0,0.0,0.0,0.0,Unknown,-84.204812,39.426698
4567 Texas St,San Diego,CA,92116,"4567 Texas St, Apt 7, San Diego, CA 92116",0.0,0.0,0.0,0.0,0.0,Unknown,-117.138481,32.76034
201 Herndon St,Pittsburgh,PA,15220,"201 Herndon St, Pittsburgh, PA 15220",0.0,1900.0,1.0,0.0,3000.0,Vacant,-80.036833,40.44316
9345 W 82nd Ave,Arvada,CO,80005,"9345 W 82nd Ave, Arvada, CO 80005",2283.0,1977.0,2.0,4.0,13329.0,Single Family,-105.103741,39.846765
3710 Clubhouse Way,Gainesville,GA,30501,"3710 Clubhouse Way, Gainesville, GA 30501",1982.0,2006.0,2.0,3.0,16988.0,Single Family,-83.750534,34.368054
11230 Palatine Ave N,Seattle,WA,98133,"11230 Palatine Ave N, Seattle, WA 98133",2180.0,1940.0,2.0,3.0,8238.0,Single Family,-122.356457,47.711534
105 Knight St,Angleton,TX,77515,"105 Knight St, Angleton, TX 77515",2435.0,1994.0,1.0,0.0,11992.0,Single Family,-95.408813,29.182261
12232 Ridge Crown St,San Antonio,TX,78247,"12232 Ridge Crown St, San Antonio, TX 78247",1720.0,1983.0,4.0,4.0,6440.0,Duplex-Triplex,-98.429334,29.555502
401 Martinique Ave,Dallas,TX,75223,"401 Martinique Ave, Dallas, TX 75223",2175.0,2021.0,2.5,3.0,7231.0,Duplex-Triplex,-96.750056,32.802571
45-415 Aumoku St,Kaneohe,HI,96744,"45-415 Aumoku St, Kaneohe, HI 96744",2661.0,1954.0,5.0,5.0,7500.0,Single Family,-157.796676,21.401941
5504 Midwinter Mist St,North Las Vegas,NV,89031,"5504 Midwinter Mist St, North Las Vegas, NV 89031",2330.0,2006.0,2.5,3.0,4792.0,Single Family,-115.147058,36.259899
3747 W Helena Dr,Glendale,AZ,85308,"3747 W Helena Dr, Glendale, AZ 85308",1416.0,1976.0,2.0,0.0,8988.0,Single Family,-112.140949,33.644261
20460 Campbellton Rd,San Antonio,TX,78264,"20460 Campbellton Rd, San Antonio, TX 78264",0.0,0.0,0.0,0.0,217800.0,Single Family,-98.43735,29.215602
2018 Hobbyhorse Ave,Henderson,NV,89012,"2018 Hobbyhorse Ave, Henderson, NV 89012",2371.0,1996.0,3.0,4.0,5663.0,Single Family,-115.074379,36.015244
5334 Tilting Oaks Ct E,Jacksonville,FL,32258,"5334 Tilting Oaks Ct E, Jacksonville, FL 32258",1754.0,1985.0,2.0,3.0,9869.0,Single Family,-81.567578,30.140398
500 Victory Way,Pasadena,MD,21122,"500 Victory Way, Apt 3, Pasadena, MD 21122",0.0,0.0,0.0,0.0,0.0,Unknown,-76.541049,39.119987
1123 Patton Way,Mcdonough,GA,30252,"1123 Patton Way, Mcdonough, GA 30252",1873.0,2001.0,2.5,3.0,3658.0,Single Family,-83.995807,33.446412
4100 N Hamlin Ave,Chicago,IL,60618,"4100 N Hamlin Ave, Apt 3, Chicago, IL 60618",1200.0,1923.0,2.0,2.0,9421.0,Condo,-87.723131,41.955742
5027 E Adams St,Tucson,AZ,85712,"5027 E Adams St, Tucson, AZ 85712",955.0,1973.0,2.0,2.0,3006.0,Townhouse,-110.885703,32.240985
9401 Clubhouse Dr,Foley,AL,36535,"9401 Clubhouse Dr, Foley, AL 36535",2356.0,1994.0,2.0,3.0,17860.0,Single Family,-87.641895,30.362044
1821 Hatherly Dr,Plano,TX,75023,"1821 Hatherly Dr, Plano, TX 75023",2299.0,1979.0,2.0,4.0,0.0,Single Family,-96.726308,33.055446
200 Throop Ave,Brooklyn,NY,11206,"200 Throop Ave, Apt 13C, Brooklyn, NY 11206",0.0,0.0,0.0,0.0,0.0,Unknown,-73.943882,40.697831
11303 E Jackson Ave,Spokane Valley,WA,99206,"11303 E Jackson Ave, Spc 57, Spokane Valley, WA 99206",1512.0,2001.0,2.0,0.0,0.0,Manufactured,-117.254045,47.681814
601 S Federal Hwy,Fort Lauderdale,FL,33301,"601 S Federal Hwy, Fort Lauderdale, FL 33301",0.0,0.0,0.0,0.0,0.0,Unknown,-80.137414,26.11466
1414 Fuselage Ave,Middle River,MD,21220,"1414 Fuselage Ave, Ste 7, Middle River, MD 21220",0.0,0.0,0.0,0.0,0.0,Unknown,-76.445427,39.331696
395 W Tippets Ln,Duck Creek Village,UT,84762,"395 W Tippets Ln, Lot 164, Duck Creek Village, UT 84762",0.0,0.0,0.0,0.0,25265.0,Land,-112.65858,37.624455
746 Patriots Point St,Locust Grove,GA,30248,"746 Patriots Point St, Locust Grove, GA 30248",1802.0,2004.0,2.5,4.0,935.0,Single Family,-84.118333,33.347507
1019 Katy Ln,Alexander,AR,72002,"1019 Katy Ln, Alexander, AR 72002",1774.0,2007.0,2.0,3.0,12690.0,Single Family,-92.419932,34.622208
968 Buckthorn Trl,Melbourne,FL,32940,"968 Buckthorn Trl, Melbourne, FL 32940",2357.0,0.0,3.0,4.0,0.0,Single Family,-80.718272,28.218784
401 Vineyard Rd,Griffin,GA,30223,"401 Vineyard Rd, Griffin, GA 30223",1312.0,1961.0,1.5,2.0,71003.0,Single Family,-84.297055,33.295845
1703 S Broad St,Philadelphia,PA,19148,"1703 S Broad St, Ste 209, Philadelphia, PA 19148",0.0,0.0,0.0,0.0,0.0,Unknown,-75.168478,39.9291
1308 Bear Creek Dr,Rocklin,CA,95765,"1308 Bear Creek Dr, Rocklin, CA 95765",0.0,0.0,0.0,0.0,0.0,Unknown,-121.256169,38.83693
17131 72nd Ave N,Maple Grove,MN,55311,"17131 72nd Ave N, Maple Grove, MN 55311",1907.0,2008.0,3.0,3.0,0.0,Single Family,-93.497246,45.085331
1804 Hermitage Dr,Las Vegas,NV,89108,"1804 Hermitage Dr, Las Vegas, NV 89108",2511.0,1979.0,3.0,6.0,6970.0,Single Family,-115.228792,36.191686
1624 Woodruff Rd,Greenville,SC,29607,"1624 Woodruff Rd, Ste 4, Greenville, SC 29607",0.0,0.0,0.0,0.0,0.0,Unknown,-82.274726,34.819341
45 Scotland St,Ocean Isle Beach,NC,28469,"45 Scotland St, Ocean Isle Beach, NC 28469",1736.0,1979.0,2.0,4.0,0.0,Single Family,-78.42895,33.894099
909 Jonathan Ct,Weatherford,TX,76086,"909 Jonathan Ct, Weatherford, TX 76086",2257.0,1996.0,2.0,3.0,4966.0,Single Family,-97.781987,32.737
1018 W Walker St,Denison,TX,75020,"1018 W Walker St, Denison, TX 75020",1650.0,1928.0,3.0,3.0,7501.0,Single Family,-96.549876,33.761831
6060 Washington Ave,Berkeley,MO,63134,"6060 Washington Ave, Berkeley, MO 63134",960.0,1954.0,1.0,2.0,5502.0,Single Family,-90.329533,38.747567
6775 Calusa Ave,Cocoa,FL,32927,"6775 Calusa Ave, Cocoa, FL 32927",2525.0,1988.0,2.0,3.0,10454.0,Single Family,-80.800258,28.477696
190 Eagle Feather St,Mount Washington,KY,40047,"190 Eagle Feather St, Mount Washington, KY 40047",1238.0,2012.0,0.0,0.0,10454.0,Single Family,-85.514668,38.055529
4 Fossa Ave Unit D,Nashua,NH,3060,"4 Fossa Ave Unit D, Nashua, NH 03060",995.0,0.0,0.0,1.0,0.0,Apartment,-71.460545,42.748843
591 Briarwood Dr,Gladewater,TX,75647,"591 Briarwood Dr, Gladewater, TX 75647",2503.0,2007.0,3.0,4.0,12632.0,Single Family,-94.93859,32.539147
720 3rd Ave,New Cumberland,WV,26047,"720 3rd Ave, Apt 106, New Cumberland, WV 26047",0.0,0.0,0.0,0.0,0.0,Unknown,-80.602334,40.495545
2003 Costa Del Mar Rd,Carlsbad,CA,92009,"2003 Costa Del Mar Rd, Unit 667, Carlsbad, CA 92009",791.0,1970.0,1.5,1.0,61380.0,Condo,-117.267212,33.089798
4616 Matthews Mint Hill Rd,Matthews,NC,28105,"4616 Matthews Mint Hill Rd, Matthews, NC 28105",1549.0,1964.0,2.0,3.0,29621.0,Single Family,-80.678646,35.151798
117 Old Maple Ct,Essex,MD,21221,"117 Old Maple Ct, Essex, MD 21221",1548.0,1980.0,2.0,0.0,6379.0,Single Family,-76.467408,39.331666
4013 Stratford Rd,Youngstown,OH,44512,"4013 Stratford Rd, Youngstown, OH 44512",2140.0,1956.0,2.0,3.0,18600.0,Single Family,-80.670208,41.059254
1030 N Earls Ct,Palatine,IL,60067,"1030 N Earls Ct, Palatine, IL 60067",1876.0,2001.0,2.5,2.0,2373.0,Single Family,-88.083115,42.129344
237 Falcon Ln,Kempner,TX,76539,"237 Falcon Ln, Kempner, TX 76539",2153.0,1979.0,0.0,0.0,30013.0,Single Family,-97.948087,31.062812
3108 Rex Dr,York,PA,17402,"3108 Rex Dr, York, PA 17402",4291.0,2005.0,3.5,5.0,17227.0,Single Family,-76.661211,39.969891
1110 W 15th 1/2 St,Houston,TX,77008,"1110 W 15th 1/2 St, Houston, TX 77008",2308.0,2015.0,3.5,3.0,1877.0,Single Family,-95.418604,29.798497
8911 S 67th St,Papillion,NE,68133,"8911 S 67th St, Papillion, NE 68133",1370.0,2008.0,2.0,3.0,7680.0,Single Family,-96.015584,41.169902
3798 Glenford Dr,Clermont,FL,34711,"3798 Glenford Dr, Clermont, FL 34711",1707.0,2001.0,2.0,3.0,9138.0,Single Family,-81.703893,28.510799
5944 King Lear Dr,Indianapolis,IN,46254,"5944 King Lear Dr, Indianapolis, IN 46254",1438.0,1992.0,1.0,3.0,5271.0,Single Family,-86.265934,39.86626
132 Tara Trace Cir,Gun Barrel City,TX,75156,"132 Tara Trace Cir, Gun Barrel City, TX 75156",840.0,1972.0,0.0,0.0,0.0,Manufactured,-96.143084,32.320041
33713 Fairview Dr,Yucaipa,CA,92399,"33713 Fairview Dr, Yucaipa, CA 92399",1215.0,1963.0,2.0,3.0,7954.0,Single Family,-117.069051,34.022192
3106 Dove Cove Cir,Humble,TX,77396,"3106 Dove Cove Cir, Humble, TX 77396",1668.0,2014.0,2.0,3.0,7083.0,Single Family,-95.272084,29.957169
5835 Lori Ln,Indian River,MI,49749,"5835 Lori Ln, Indian River, MI 49749",1548.0,0.0,2.0,3.0,12000.0,Single Family,-84.605977,45.42129
3257 State Hwy,Kilgore,TX,75662,"3257 State Hwy, 31 W, Kilgore, TX 75662",968.0,1941.0,1.0,0.0,46174.0,Single Family,-94.848154,32.412593
3616 Barham Blvd,Los Angeles,CA,90068,"3616 Barham Blvd, Apt X102, Los Angeles, CA 90068",0.0,0.0,0.0,0.0,0.0,Unknown,-118.341631,34.138865
17 Vista Chalet Dr,Ellijay,GA,30540,"17 Vista Chalet Dr, Ellijay, GA 30540",1596.0,2009.0,2.0,3.0,0.0,Single Family,-84.5237,34.654458
PO Box 2591,Hazard,KY,41702,"PO Box 2591, Hazard, KY 41702",0.0,0.0,0.0,0.0,0.0,Unknown,-83.1954,37.2484
1006 9th St NW,Cedar Rapids,IA,52405,"1006 9th St NW, Cedar Rapids, IA 52405",1073.0,1900.0,1.0,3.0,6534.0,Single Family,-91.68483,41.981962
322 S Mahon Ave,Tyler,TX,75702,"322 S Mahon Ave, Tyler, TX 75702",888.0,1932.0,1.0,0.0,8939.0,Single Family,-95.281886,32.347187
31495 Sierra Linda St,Yucaipa,CA,92399,"31495 Sierra Linda St, Yucaipa, CA 92399",2527.0,1952.0,3.0,3.0,16268.0,Single Family,-117.117529,34.029739
3633 Highway Ave,Highland,IN,46322,"3633 Highway Ave, Highland, IN 46322",1440.0,1948.0,1.5,5.0,7250.0,Single Family,-87.440627,41.555792
9 Delmont St,Manchester,CT,6042,"9 Delmont St, Manchester, CT 06042",0.0,0.0,0.0,0.0,0.0,Unknown,-72.522843,41.784502
1433 Crest View Cir,Morristown,TN,37814,"1433 Crest View Cir, Morristown, TN 37814",1236.0,1985.0,3.0,0.0,32670.0,Single Family,-83.381775,36.205897
307 E Niles Ave,Fresno,CA,93720,"307 E Niles Ave, Fresno, CA 93720",1481.0,1983.0,2.0,3.0,6000.0,Single Family,-119.778144,36.854641
797 Alcott Ave,Pomona,CA,91766,"797 Alcott Ave, Pomona, CA 91766",948.0,1953.0,1.0,2.0,6809.0,Single Family,-117.740856,34.043114
1579 Woodside Dr,Fircrest,WA,98466,"1579 Woodside Dr, Fircrest, WA 98466",1282.0,1994.0,1.0,2.0,9272.0,Single Family,-122.521411,47.217737
1302 Nw Lawton Ave,Lawton,OK,73507,"1302 Nw Lawton Ave, Lawton, OK 73507",0.0,0.0,0.0,0.0,0.0,Unknown,-98.408356,34.624286
1121 Kinnett Rd,Covington,GA,30016,"1121 Kinnett Rd, Covington, GA 30016",1344.0,1986.0,1.0,3.0,158558.0,Single Family,-84.008877,33.55919
2461 Manzana Way,San Diego,CA,92139,"2461 Manzana Way, San Diego, CA 92139",1327.0,1986.0,2.5,3.0,7803.0,Single Family,-117.025876,32.694569
2502 W 18th St,Houston,TX,77008,"2502 W 18th St, Apt 196, Houston, TX 77008",0.0,0.0,0.0,0.0,0.0,Unknown,-95.444033,29.801503
13522 Hyperion Hills Ln,Charlotte,NC,28278,"13522 Hyperion Hills Ln, Charlotte, NC 28278",3629.0,2017.0,3.5,5.0,15987.0,Single Family,-81.015533,35.070659
5601 Smetana Dr,Minnetonka,MN,55343,"5601 Smetana Dr, Unit 604, Minnetonka, MN 55343",1468.0,0.0,2.0,2.0,0.0,Condo,-93.402894,44.9016
7417 67th St NE,Marysville,WA,98270,"7417 67th St NE, Marysville, WA 98270",1750.0,1995.0,2.5,4.0,10019.0,Single Family,-122.129811,48.056134
634 Willow Ave,La Puente,CA,91746,"634 Willow Ave, La Puente, CA 91746",1435.0,1959.0,2.0,3.0,6278.0,Single Family,-117.976527,34.048259
1229 Kayton Ave,San Antonio,TX,78210,"1229 Kayton Ave, San Antonio, TX 78210",0.0,0.0,0.0,0.0,0.0,Unknown,-98.449133,29.397408
2510 N Mcvay Dr,Mobile,AL,36605,"2510 N Mcvay Dr, Mobile, AL 36605",0.0,0.0,0.0,0.0,0.0,Unknown,-88.102258,30.645409
229 Avenida Majorca Unit A,Laguna Woods,CA,92637,"229 Avenida Majorca Unit A, Laguna Woods, CA 92637",1400.0,0.0,2.0,2.0,0.0,Condo,-117.708775,33.602721
241 W Ivy St,New Haven,CT,6511,"241 W Ivy St, Apt 3C, New Haven, CT 06511",0.0,0.0,0.0,0.0,0.0,Unknown,-72.936185,41.330867
118 S Harrisburg Ave Apt A,Gas City,IN,46933,"118 S Harrisburg Ave Apt A, Gas City, IN 46933",0.0,0.0,0.0,0.0,0.0,Unknown,-85.619134,40.487261
1606 Saddlecreek Rd,Auburn,GA,30011,"1606 Saddlecreek Rd, Unit 4, Auburn, GA 30011",1230.0,0.0,2.0,3.0,0.0,Single Family,-83.85296,34.040044
95 Archambault Ave,West Warwick,RI,2893,"95 Archambault Ave, Apt 201, West Warwick, RI 02893",0.0,0.0,0.0,0.0,0.0,Unknown,-71.526155,41.703865
1103 Navajo Cir,Carrollton,TX,75007,"1103 Navajo Cir, Carrollton, TX 75007",1698.0,1985.0,2.0,3.0,8398.0,Single Family,-96.917014,33.010169
1311 E Pierce St,Wakefield,MI,49968,"1311 E Pierce St, Wakefield, MI 49968",835.0,0.0,1.0,0.0,7405.0,Single Family,-89.928983,46.473868
2212 State Hwy,Port Aransas,TX,78373,"2212 State Hwy, 361 Unit 219, Port Aransas, TX 78373",1272.0,2013.0,0.0,0.0,4008.0,Condo,-97.076825,27.816353
2702 E,Torrington,WY,82240,"2702 E, Torrington, WY 82240",0.0,0.0,0.0,0.0,0.0,Land,-104.178095,42.071274
255 W Fallen Leaf Cir,Wasilla,AK,99654,"255 W Fallen Leaf Cir, Wasilla, AK 99654",1847.0,2003.0,2.0,3.0,13504.0,Single Family,-149.453913,61.570299
2545 Champa St,Denver,CO,80205,"2545 Champa St, Apt 6, Denver, CO 80205",356.0,0.0,1.0,0.0,0.0,Apartment,-104.982454,39.755766
784 Gold Finch Way,Lake Charles,LA,70611,"784 Gold Finch Way, Lake Charles, LA 70611",1775.0,0.0,2.0,4.0,0.0,Single Family,-93.17943,30.31267
6340 Lanning Ln,Las Vegas,NV,89108,"6340 Lanning Ln, Las Vegas, NV 89108",1605.0,1979.0,2.0,3.0,7405.0,Single Family,-115.232829,36.193494
3405 Greenview Dr,Garland,TX,75044,"3405 Greenview Dr, Garland, TX 75044",2638.0,1983.0,2.0,4.0,10750.0,Single Family,-96.681309,32.942607
1897 E 51st St,Brooklyn,NY,11234,"1897 E 51st St, Brooklyn, NY 11234",1638.0,1960.0,0.0,0.0,2000.0,Duplex-Triplex,-73.925032,40.613863
6887 W Ridgeline Rd,Peoria,AZ,85383,"6887 W Ridgeline Rd, Peoria, AZ 85383",2352.0,2007.0,3.0,0.0,5509.0,Single Family,-112.206244,33.748699
3930 Calgary Ave,San Diego,CA,92122,"3930 Calgary Ave, San Diego, CA 92122",2411.0,1970.0,2.5,4.0,12400.0,Single Family,-117.204713,32.858503999999996
1802 Fernwood Rd,Lake Como,NJ,7719,"1802 Fernwood Rd, Lake Como, NJ 07719",0.0,0.0,5.0,10.0,0.0,Apartment,-74.026675,40.170742
177 Rosewood Dr,Tajique,NM,87016,"177 Rosewood Dr, Tajique, NM 87016",0.0,0.0,0.0,0.0,446926.0,Land,-106.269494,34.751831
807 Greensport Rd,Ashville,AL,35953,"807 Greensport Rd, Ashville, AL 35953",3141.0,1978.0,0.0,0.0,104108.0,Single Family,-86.246977,33.823393
1002 E 25th Street Rd,Greeley,CO,80631,"1002 E 25th Street Rd, Greeley, CO 80631",1552.0,2003.0,2.0,4.0,6273.0,Single Family,-104.664311,40.396368
13437 Corapeake Ter,Chesterfield,VA,23838,"13437 Corapeake Ter, Chesterfield, VA 23838",0.0,0.0,0.0,0.0,131116.0,Single Family,-77.640193,37.274409
3015 Woodbine St,Jackson,MS,39212,"3015 Woodbine St, Jackson, MS 39212",1169.0,1950.0,1.0,3.0,15462.0,Single Family,-90.229326,32.262662
1416 Carly Ct,San Diego,CA,92114,"1416 Carly Ct, San Diego, CA 92114",1484.0,1985.0,2.0,4.0,7097.0,Single Family,-117.047126,32.695396
425 Billings St,Elgin,IL,60123,"425 Billings St, Elgin, IL 60123",2088.0,1909.0,1.5,3.0,6600.0,Single Family,-88.284882,42.025457
7 Sellner Pl,Palm Coast,FL,32164,"7 Sellner Pl, Palm Coast, FL 32164",1846.0,2005.0,2.0,3.0,10149.0,Single Family,-81.169836,29.422343
4842 S Indiana Ave,Chicago,IL,60615,"4842 S Indiana Ave, Apt 2W, Chicago, IL 60615",0.0,0.0,0.0,0.0,0.0,Unknown,-87.621244,41.806169
25 Tony St,Drummonds,TN,38023,"25 Tony St, Drummonds, TN 38023",1568.0,1990.0,2.0,0.0,12395.0,Manufactured,-89.892705,35.404159
1499 Multnoma Ave,Akron,OH,44305,"1499 Multnoma Ave, Akron, OH 44305",720.0,1943.0,1.0,2.0,5500.0,Single Family,-81.464849,41.081158
2400 Lake Ave,Pueblo,CO,81004,"2400 Lake Ave, Lot 4, Pueblo, CO 81004",0.0,0.0,0.0,0.0,0.0,Manufactured,-104.624794,38.226565
11303 Rossum Creek Dr,Humble,TX,77396,"11303 Rossum Creek Dr, Humble, TX 77396",2431.0,2018.0,2.5,4.0,10528.0,Single Family,-95.218369,29.942447
1005 44th St,Kenosha,WI,53140,"1005 44th St, Kenosha, WI 53140",1272.0,1898.0,2.0,5.0,4356.0,Single Family,-87.82461,42.595909
207 Harvest Blossom Rd,Millersville,MD,21108,"207 Harvest Blossom Rd, Millersville, MD 21108",2695.0,2019.0,3.5,4.0,4897.0,Single Family,-76.608414,39.121329
12405 Kingston Way,Dubuque,IA,52001,"12405 Kingston Way, Dubuque, IA 52001",4300.0,0.0,3.5,4.0,0.0,Single Family,-90.729263,42.532435
720 Woodcrest Ave,Brea,CA,92821,"720 Woodcrest Ave, Brea, CA 92821",2415.0,1994.0,3.0,3.0,6050.0,Single Family,-117.906752,33.944338
3050 Rue Dorleans,San Diego,CA,92110,"3050 Rue Dorleans, Unit 341, San Diego, CA 92110",547.0,1969.0,1.0,1.0,357719.0,Condo,-117.227227,32.753405
6 Brennan Park,Amarillo,TX,79121,"6 Brennan Park, Amarillo, TX 79121",1634.0,2000.0,2.0,3.0,5663.0,Single Family,-101.923048,35.174568
2469 E 99th Way,Thornton,CO,80229,"2469 E 99th Way, Thornton, CO 80229",982.0,1976.0,2.0,3.0,9583.0,Single Family,-104.957449,39.87747
310 E Monmouth St,Winston Salem,NC,27127,"310 E Monmouth St, Winston Salem, NC 27127",768.0,1963.0,1.0,3.0,4792.0,Single Family,-80.233613,36.070232
208 N Swarthmore Ave,Ventnor,NJ,8406,"208 N Swarthmore Ave, Ventnor, NJ 08406",0.0,0.0,2.0,4.0,0.0,Single Family,-74.494184,39.336753
74240 Mercury Cir W,Palm Desert,CA,92260,"74240 Mercury Cir W, Palm Desert, CA 92260",1440.0,1977.0,2.0,2.0,4356.0,Manufactured,-116.369782,33.741365
2672 Towamencin Ave,Hatfield,PA,19440,"2672 Towamencin Ave, Hatfield, PA 19440",1188.0,1987.0,1.5,2.0,7363.0,Single Family,-75.309494,40.277267
5116 Remington Ct NW,Lilburn,GA,30047,"5116 Remington Ct NW, Lilburn, GA 30047",1421.0,1978.0,2.0,3.0,19166.0,Single Family,-84.147431,33.885163
2155 Black Oak Ln,Ellenwood,GA,30294,"2155 Black Oak Ln, Ellenwood, GA 30294",2205.0,2005.0,2.5,3.0,8364.0,Single Family,-84.298849,33.648684
4331 Ver S Shmkr Blvd,Fort Myers,FL,33916,"4331 Ver S Shmkr Blvd, Ste 7, Fort Myers, FL 33916",0.0,0.0,0.0,0.0,0.0,Unknown,-81.836481,26.638257
45-705 Kamehameha Hwy,Kaneohe,HI,96744,"45-705 Kamehameha Hwy, Apt 111, Kaneohe, HI 96744",0.0,0.0,0.0,0.0,0.0,Unknown,-157.799232,21.406563
1836 Aspen Ln,Weston,FL,33327,"1836 Aspen Ln, Weston, FL 33327",2672.0,2000.0,3.0,5.0,6080.0,Single Family,-80.424334,26.128067
7135 Collins Ave,Miami Beach,FL,33141,"7135 Collins Ave, Apt 1013, Miami Beach, FL 33141",912.0,1970.0,2.0,1.0,0.0,Condo,-80.119942,25.856663
5146 Pontiac Trl,Ann Arbor,MI,48105,"5146 Pontiac Trl, Ann Arbor, MI 48105",1296.0,1971.0,1.0,3.0,43560.0,Single Family,-83.698015,42.347036
4030 Hicone Rd,Greensboro,NC,27405,"4030 Hicone Rd, Greensboro, NC 27405",0.0,0.0,0.0,0.0,69696.0,Vacant,-79.734991,36.150196
14007 Long Meadow Dr,Houston,TX,77047,"14007 Long Meadow Dr, Houston, TX 77047",2689.0,2012.0,2.5,4.0,5001.0,Single Family,-95.364448,29.606019
13212 Hawthorn Ln,Woodbridge,VA,22193,"13212 Hawthorn Ln, Woodbridge, VA 22193",960.0,1971.0,1.0,3.0,8329.0,Single Family,-77.33404,38.66487
317 Nelson Ave,Summersville,WV,26651,"317 Nelson Ave, Summersville, WV 26651",0.0,0.0,0.0,0.0,0.0,Unknown,-80.832376,38.279164
8081 E Corte Del Joven,Tucson,AZ,85750,"8081 E Corte Del Joven, Tucson, AZ 85750",2522.0,1993.0,3.0,3.0,42658.0,Single Family,-110.819728,32.275799
34950 Hidden Pine Dr,Fraser,MI,48026,"34950 Hidden Pine Dr, Apt 319, Fraser, MI 48026",0.0,0.0,0.0,0.0,0.0,Unknown,-82.96568,42.552564
70 S Munn Ave,East Orange,NJ,7018,"70 S Munn Ave, Apt 609, East Orange, NJ 07018",778.0,1955.0,0.0,0.0,0.0,Condo,-74.212485,40.755128
302 Mapmaker Ln,Savannah,GA,31410,"302 Mapmaker Ln, Savannah, GA 31410",1291.0,1991.0,2.0,3.0,6098.0,Single Family,-81.00539,32.040255
314 W Magnolia Ave,San Antonio,TX,78212,"314 W Magnolia Ave, Apt 4, San Antonio, TX 78212",0.0,0.0,0.0,0.0,0.0,Unknown,-98.498058,29.454539
802 Carrousel Ln,Kissimmee,FL,34759,"802 Carrousel Ln, Kissimmee, FL 34759",1607.0,2002.0,2.0,3.0,8015.0,Single Family,-81.452863,28.121461
1407 S Jamestown Ave,Tulsa,OK,74112,"1407 S Jamestown Ave, Tulsa, OK 74112",1429.0,1937.0,1.0,0.0,6752.0,Single Family,-95.937807,36.142089
5590 Chemin De Vie,Atlanta,GA,30342,"5590 Chemin De Vie, Atlanta, GA 30342",1602.0,1975.0,2.5,2.0,1568.0,Condo,-84.384025,33.893856
101 S Fairview Rd,Columbia,MO,65203,"101 S Fairview Rd, Columbia, MO 65203",0.0,0.0,0.0,0.0,0.0,Unknown,-92.38116,38.953308
2025 Norcross Dr,Mesquite,TX,75149,"2025 Norcross Dr, Mesquite, TX 75149",1281.0,1986.0,2.0,3.0,4473.0,Single Family,-96.628805,32.756898
2200 Victory Ave,Dallas,TX,75219,"2200 Victory Ave, Apt 806, Dallas, TX 75219",1212.0,2007.0,1.5,1.0,53579.0,Condo,-96.809326,32.784904
7 Hawthorne St,Sumter,SC,29150,"7 Hawthorne St, Sumter, SC 29150",1083.0,1952.0,0.0,3.0,9870.0,Single Family,-80.364888,33.91711
400 E Randolph St,Chicago,IL,60601,"400 E Randolph St, Apt 2121, Chicago, IL 60601",0.0,1964.0,0.0,0.0,89298.0,Condo,-87.616151,41.883731
19038 Coton Farm Ct,Leesburg,VA,20176,"19038 Coton Farm Ct, Leesburg, VA 20176",3626.0,2002.0,4.5,4.0,12197.0,Single Family,-77.482294,39.088739
115 Queen Catherina Ct,Hutchinson Island,FL,34949,"115 Queen Catherina Ct, Hutchinson Island, FL 34949",2521.0,1980.0,2.5,3.0,13939.0,Single Family,-80.316875,27.513684
4855 E Lane Ave,Fresno,CA,93727,"4855 E Lane Ave, Apt 105, Fresno, CA 93727",0.0,0.0,0.0,0.0,0.0,Unknown,-119.73309,36.732812
10280 Spring Hill Dr,Spring Hill,FL,34608,"10280 Spring Hill Dr, Spring Hill, FL 34608",1326.0,1983.0,2.0,2.0,10000.0,Single Family,-82.55113,28.458603
13508 Milan Ave,Cleveland,OH,44112,"13508 Milan Ave, Cleveland, OH 44112",2352.0,1924.0,2.0,4.0,3395.0,Duplex-Triplex,-81.588544,41.536871
712 Thoroughbred Dr SW,Albuquerque,NM,87121,"712 Thoroughbred Dr SW, Albuquerque, NM 87121",1373.0,1996.0,2.0,3.0,5489.0,Single Family,-106.752381,35.062232
1400 Bluff Ave,Fort Smith,AR,72901,"1400 Bluff Ave, Fort Smith, AR 72901",0.0,0.0,1.0,2.0,0.0,Single Family,-94.414264,35.370012
3388 Portside Ln,Snellville,GA,30039,"3388 Portside Ln, Snellville, GA 30039",2263.0,1988.0,2.5,4.0,26136.0,Single Family,-84.034316,33.811018
PO Box 402,Tullahoma,TN,37388,"PO Box 402, Tullahoma, TN 37388",0.0,0.0,0.0,0.0,0.0,Unknown,-86.238538,35.344413
11 Old Mill Rd,Maynard,MA,1754,"11 Old Mill Rd, Maynard, MA 01754",2148.0,1950.0,2.5,3.0,50704.0,Single Family,-71.440231,42.42529
421 W 38th St,Tucson,AZ,85713,"421 W 38th St, Tucson, AZ 85713",0.0,0.0,0.0,0.0,0.0,Unknown,-110.97512,32.19019
22501 E Radcliff Dr,Aurora,CO,80015,"22501 E Radcliff Dr, Aurora, CO 80015",1871.0,2019.0,2.0,3.0,6538.0,Single Family,-104.731378,39.635776
313 Roy Ct W,Keller,TX,76248,"313 Roy Ct W, Keller, TX 76248",3886.0,2010.0,4.0,4.0,28079.0,Single Family,-97.246655,32.919091
2574 Lake Logan Rd,Canton,NC,28716,"2574 Lake Logan Rd, Canton, NC 28716",1947.0,1963.0,2.5,3.0,22751.0,Single Family,-82.917977,35.442404
1340 Waylon Ave,Gastonia,NC,28054,"1340 Waylon Ave, Gastonia, NC 28054",1401.0,2018.0,2.0,3.0,5663.0,Single Family,-81.121744,35.283143
24369 Atwood Ave,Moreno Valley,CA,92553,"24369 Atwood Ave, Moreno Valley, CA 92553",1137.0,1963.0,2.0,3.0,10890.0,Multi Family,-117.237512,33.929701
14835 E Grand St,Choctaw,OK,73020,"14835 E Grand St, Choctaw, OK 73020",2150.0,1973.0,2.0,5.0,14000.0,Single Family,-97.267908,35.496009
205 E 11th St,Colorado City,TX,79512,"205 E 11th St, Colorado City, TX 79512",1219.0,1950.0,1.0,3.0,7013.0,Single Family,-100.864734,32.397631
6301 Camp Robinson Rd,North Little Rock,AR,72118,"6301 Camp Robinson Rd, Apt 255B, North Little Rock, AR 72118",0.0,0.0,0.0,0.0,0.0,Unknown,-92.270263,34.813392
204 Took Dr,Antioch,TN,37013,"204 Took Dr, Antioch, TN 37013",2346.0,2007.0,2.5,3.0,7405.0,Single Family,-86.649131,36.059896
440 Paseo Flamenco,Rio Rico,AZ,85648,"440 Paseo Flamenco, Unit D, Rio Rico, AZ 85648",0.0,0.0,0.0,0.0,0.0,Unknown,-111.010829,31.488035
3545 E Amelia Ave,Phoenix,AZ,85018,"3545 E Amelia Ave, Phoenix, AZ 85018",1092.0,1951.0,1.0,0.0,6412.0,Single Family,-112.004452,33.494139
1749 Virginia Ave,Kingsport,TN,37664,"1749 Virginia Ave, Kingsport, TN 37664",1368.0,1943.0,2.0,0.0,48352.0,Single Family,-82.510182,36.535584
3743 Harvette Dr,Chesterfield,VA,23237,"3743 Harvette Dr, North, Chesterfield, VA 23237",2238.0,1975.0,2.5,4.0,10062.0,Single Family,-77.461512,37.425289
363 Gastin St SW,Palm Bay,FL,32908,"363 Gastin St SW, Palm Bay, FL 32908",2043.0,2006.0,2.0,3.0,10019.0,Single Family,-80.678601,27.948096
7889 Calle Oliva,Carlsbad,CA,92009,"7889 Calle Oliva, Carlsbad, CA 92009",2438.0,2002.0,3.0,3.0,5655.0,Single Family,-117.252793,33.078196
13268 Biscayne Blvd,North Miami,FL,33181,"13268 Biscayne Blvd, North Miami, FL 33181",0.0,0.0,0.0,0.0,0.0,Unknown,-80.161235,25.89793
4403 Cranbrook Dr,Indianapolis,IN,46250,"4403 Cranbrook Dr, Indianapolis, IN 46250",2548.0,1972.0,1.5,4.0,15290.0,Single Family,-86.09366,39.884688
6810 Dina Leigh Ct,Springfield,VA,22153,"6810 Dina Leigh Ct, Springfield, VA 22153",1672.0,1973.0,3.5,4.0,2850.0,Condo,-77.26119,38.768664
3912 Nw 58th St,Oklahoma City,OK,73112,"3912 Nw 58th St, Oklahoma City, OK 73112",1273.0,1957.0,1.5,3.0,7144.0,Single Family,-97.588085,35.529343
715 Benwick Dr,Brandon,MS,39047,"715 Benwick Dr, Brandon, MS 39047",1852.0,1981.0,1.0,3.0,0.0,Single Family,-90.007272,32.336292
465 Brickell Ave,Miami,FL,33131,"465 Brickell Ave, Apt 2806, Miami, FL 33131",816.0,2008.0,1.0,1.0,0.0,Condo,-80.188605,25.769084
3 Winding Way,Saddle River,NJ,7458,"3 Winding Way, Upper, Saddle River, NJ 07458",2216.0,1965.0,2.5,3.0,37897.0,Single Family,-74.079412,41.074509
5820 Campbell Creek Dr,Oklahoma City,OK,73179,"5820 Campbell Creek Dr, Oklahoma City, OK 73179",0.0,0.0,0.0,0.0,8407.0,Land,-97.66965,35.407621
116 Devonshire Dr,Swedesboro,NJ,8085,"116 Devonshire Dr, Swedesboro, NJ 08085",2273.0,2005.0,3.5,4.0,9060.0,Single Family,-75.357615,39.744168
411 Coastal Bluff Way,Summerville,SC,29486,"411 Coastal Bluff Way, Summerville, SC 29486",2948.0,2017.0,3.0,3.0,6970.0,Single Family,-80.096945,33.118866
700 Iron Bridge Rd,Cicero,IN,46034,"700 Iron Bridge Rd, Cicero, IN 46034",2854.0,1973.0,3.0,4.0,17598.0,Single Family,-86.017348,40.138537
51 Amity Rd,Biglerville,PA,17307,"51 Amity Rd, Biglerville, PA 17307",1824.0,1990.0,2.0,3.0,87120.0,Single Family,-77.377202,39.963067
16361 Saratoga Ln,Huntington Beach,CA,92649,"16361 Saratoga Ln, Huntington Beach, CA 92649",1264.0,1960.0,2.0,3.0,6180.0,Single Family,-118.038846,33.724258
11796 Longshore Way W,Naples,FL,34119,"11796 Longshore Way W, Naples, FL 34119",2889.0,1991.0,0.0,0.0,13068.0,Single Family,-81.729228,26.286869
1286 Old North Main St,Laconia,NH,3246,"1286 Old North Main St, Laconia, NH 03246",1512.0,2004.0,2.0,3.0,14898.0,Single Family,-71.481104,43.54795
3813 Lomi Lomi Dr,Holiday,FL,34691,"3813 Lomi Lomi Dr, Holiday, FL 34691",900.0,1983.0,2.0,0.0,4251.0,Manufactured,-82.750984,28.190413
1600 N Oak St,Arlington,VA,22209,"1600 N Oak St, Apt 208, Arlington, VA 22209",1095.0,0.0,2.0,2.0,0.0,Condo,-77.073392,38.892775
335 Oak Leaf Cir,Hoover,AL,35244,"335 Oak Leaf Cir, Hoover, AL 35244",1448.0,1985.0,2.0,5.0,15869.0,Single Family,-86.884128,33.332295
98 Carl Sandburg Dr,Hamilton,NJ,8690,"98 Carl Sandburg Dr, Hamilton, NJ 08690",2032.0,0.0,2.0,4.0,0.0,Single Family,-74.653832,40.216125
4339 Lacebark Ln,Naperville,IL,60564,"4339 Lacebark Ln, Naperville, IL 60564",4516.0,0.0,4.0,5.0,0.0,Single Family,-88.232852,41.682767
22100 Burbank Blvd,Woodland Hills,CA,91367,"22100 Burbank Blvd, Unit 127, Woodland Hills, CA 91367",883.0,1979.0,2.0,2.0,0.0,Condo,-118.608605,34.171432
3602 Jefferson St,Clearlake,CA,95422,"3602 Jefferson St, Clearlake, CA 95422",0.0,0.0,2.0,0.0,9583.0,Manufactured,-122.626377,38.960138
119 Allatoona Dr,Woodstock,GA,30189,"119 Allatoona Dr, Woodstock, GA 30189",1352.0,1992.0,2.0,3.0,32475.0,Single Family,-84.597627,34.162538
17440 N Tatum Blvd,Phoenix,AZ,85032,"17440 N Tatum Blvd, Apt 122, Phoenix, AZ 85032",0.0,0.0,0.0,0.0,0.0,Unknown,-111.978581,33.645363
1163 Winding Rose Way,West Palm Beach,FL,33415,"1163 Winding Rose Way, West Palm Beach, FL 33415",2047.0,2005.0,2.5,4.0,4517.0,Single Family,-80.129012,26.66067
844 Reece Ave,Nyssa,OR,97913,"844 Reece Ave, Nyssa, OR 97913",2792.0,0.0,1.0,4.0,0.0,Single Family,-117.004093,43.873532
1221 91st St,San Antonio,TX,78214,"1221 91st St, San Antonio, TX 78214",1292.0,1960.0,1.0,3.0,4443.0,Single Family,-98.478178,29.346807
105 W 9th St,Mesa,AZ,85201,"105 W 9th St, Mesa, AZ 85201",1056.0,1953.0,2.0,0.0,6560.0,Single Family,-111.833705,33.430901
245 County St,Milan,MI,48160,"245 County St, Milan, MI 48160",0.0,0.0,0.0,0.0,0.0,Unknown,-83.678677,42.0842
4201 Chestnut St,Fort Worth,TX,76137,"4201 Chestnut St, Fort Worth, TX 76137",1553.0,1983.0,2.0,3.0,8189.0,Single Family,-97.294879,32.862803
5701 Cedar Grove Rd,East New Market,MD,21631,"5701 Cedar Grove Rd, East New Market, MD 21631",1352.0,0.0,2.0,3.0,0.0,Single Family,-75.993259,38.579264
8 Clary St,Cambridge,MA,2139,"8 Clary St, Unit 8-02, Cambridge, MA 02139",873.0,0.0,1.0,3.0,0.0,Apartment,-71.098183,42.373863
54 Grove St,Cairo,NY,12413,"54 Grove St, Cairo, NY 12413",1528.0,0.0,2.0,5.0,0.0,Single Family,-73.997426,42.30215
431 Cascade Unit Surfrider A Loop,Little River,SC,29566,"431 Cascade Unit Surfrider A Loop, Lot 111, Little River, SC 29566",2470.0,0.0,3.0,3.0,0.0,Single Family,-78.653917,33.872739
1018 Granada Ave,Nashville,TN,37206,"1018 Granada Ave, Nashville, TN 37206",1163.0,0.0,2.0,2.0,0.0,Single Family,-86.749167,36.188365
1204 Ruby St,Penitas,TX,78576,"1204 Ruby St, Penitas, TX 78576",650.0,1997.0,1.0,3.0,21780.0,Single Family,-98.446036,26.263303
6697 Bunchberry Dr,Portage,MI,49024,"6697 Bunchberry Dr, Portage, MI 49024",4304.0,1998.0,5.0,0.0,31799.0,Single Family,-85.630954,42.219942
247 Park Ct,Bellwood,IL,60104,"247 Park Ct, Bellwood, IL 60104",960.0,1953.0,1.0,3.0,5000.0,Single Family,-87.881756,41.887427
775 Pershing Ave,Glen Ellyn,IL,60137,"775 Pershing Ave, Apt 2B, Glen Ellyn, IL 60137",750.0,1967.0,1.0,1.0,0.0,Apartment,-88.05423,41.857231
2320 Rosewood St,Jenison,MI,49428,"2320 Rosewood St, Jenison, MI 49428",2150.0,1978.0,2.5,4.0,16640.0,Single Family,-85.839488,42.895939
16101 S Post Oak Rd,Houston,TX,77053,"16101 S Post Oak Rd, Ste E, Houston, TX 77053",0.0,0.0,0.0,0.0,0.0,Unknown,-95.468747,29.591764
251 Oak Trl,Sedona,AZ,86336,"251 Oak Trl, Sedona, AZ 86336",1248.0,2001.0,0.0,0.0,6098.0,Manufactured,-111.72748,34.914115
713 Lowveld Dr,Murphy,TX,75094,"713 Lowveld Dr, Murphy, TX 75094",2305.0,0.0,3.0,3.0,0.0,Townhouse,-96.595364,33.032007
74290 Covered Wagon Trl,Palm Desert,CA,92260,"74290 Covered Wagon Trl, Palm Desert, CA 92260",1584.0,1958.0,2.0,2.0,11325.0,Single Family,-116.36858,33.713326
3921 San Lorenzo Ct,Oceanside,CA,92057,"3921 San Lorenzo Ct, Oceanside, CA 92057",977.0,1982.0,2.0,2.0,4221.0,Single Family,-117.321183,33.220593
4811 Sierra Madre Dr,Tampa,FL,33634,"4811 Sierra Madre Dr, Tampa, FL 33634",1323.0,1971.0,2.0,2.0,7571.0,Single Family,-82.550647,27.990727
1330 West Ave,Miami Beach,FL,33139,"1330 West Ave, Apt 2204, Miami Beach, FL 33139",1084.0,2001.0,2.0,2.0,0.0,Condo,-80.143232,25.784725
16408 Sw 95th St,Miami,FL,33196,"16408 Sw 95th St, Miami, FL 33196",2823.0,1996.0,3.0,4.0,5000.0,Single Family,-80.46138,25.677593
20 Lango Ln,Agawam,MA,1001,"20 Lango Ln, Agawam, MA 01001",1625.0,2010.0,1.0,3.0,21000.0,Single Family,-72.636954,42.083072
9723 Downey Ave,Downey,CA,90240,"9723 Downey Ave, Downey, CA 90240",6343.0,1955.0,5.0,6.0,20609.0,Single Family,-118.123379,33.955262
216 Evans Ave,Elmont,NY,11003,"216 Evans Ave, Elmont, NY 11003",778.0,1926.0,1.0,0.0,2080.0,Single Family,-73.688977,40.702182
10000 Banburry Cross Dr,Las Vegas,NV,89144,"10000 Banburry Cross Dr, Las Vegas, NV 89144",0.0,0.0,0.0,0.0,0.0,Unknown,-115.314055,36.181562
7708 Hanover Pkwy,Greenbelt,MD,20770,"7708 Hanover Pkwy, Apt 302, Greenbelt, MD 20770",1420.0,1974.0,0.0,0.0,2341.0,Condo,-76.871556,38.996198
3445 Montebello Pkwy,Cumming,GA,30028,"3445 Montebello Pkwy, Cumming, GA 30028",5366.0,2018.0,4.0,5.0,15246.0,Single Family,-84.193291,34.254628
20 Pawtucket Row,Orchard Park,NY,14127,"20 Pawtucket Row, Orchard Park, NY 14127",3145.0,1973.0,3.5,4.0,23000.0,Single Family,-78.703036,42.746414
85 Woodsedge Dr,Newington,CT,6111,"85 Woodsedge Dr, Apt 2C, Newington, CT 06111",792.0,1974.0,1.0,1.0,0.0,Condo,-72.710792,41.675138
4693 Lyndenhall Dr,Columbus,OH,43207,"4693 Lyndenhall Dr, Columbus, OH 43207",1720.0,2004.0,2.5,3.0,6098.0,Single Family,-82.990734,39.865637
22335 N 77th Pl,Scottsdale,AZ,85255,"22335 N 77th Pl, Scottsdale, AZ 85255",3012.0,1998.0,4.0,4.0,8069.0,Single Family,-111.913283,33.68893
10 Weyanoke St,Dorchester Center,MA,2124,"10 Weyanoke St, Dorchester Center, MA 02124",1152.0,1950.0,2.0,2.0,4448.0,Single Family,-71.060849,42.282428
402 W Prospect St,Fayetteville,AR,72701,"402 W Prospect St, Fayetteville, AR 72701",2618.0,2018.0,4.0,0.0,43560.0,Single Family,-94.164474,36.074028
1629 Claywood Ct,Lexington,KY,40515,"1629 Claywood Ct, Lexington, KY 40515",1102.0,1988.0,1.0,3.0,7832.0,Single Family,-84.46861,37.97101
325 Longboat Ave,Beachwood,NJ,8722,"325 Longboat Ave, Beachwood, NJ 08722",0.0,0.0,1.5,3.0,0.0,Single Family,-74.188549,39.933144
3017 8th Ave N,Texas City,TX,77590,"3017 8th Ave N, Texas City, TX 77590",1110.0,1974.0,1.5,3.0,6299.0,Single Family,-94.939804,29.392316
406 Oakhaven Dr,Smyrna,TN,37167,"406 Oakhaven Dr, Smyrna, TN 37167",2448.0,1990.0,3.0,0.0,12768.0,Single Family,-86.486933,35.986696
24816 W Ravine Crest Dr,Lake Villa,IL,60046,"24816 W Ravine Crest Dr, Lake Villa, IL 60046",1000.0,1934.0,1.0,3.0,8533.0,Single Family,-88.117335,42.436037
653 Thornwood Dr,Southaven,MS,38671,"653 Thornwood Dr, Southaven, MS 38671",1302.0,2000.0,0.0,3.0,8400.0,Single Family,-89.978505,34.985742
689 W 5th St,Winston Salem,NC,27101,"689 W 5th St, Winston Salem, NC 27101",0.0,0.0,0.0,0.0,0.0,Unknown,-80.252929,36.09896
7720 Ave L,Houston,TX,77012,"7720 Ave L, Houston, TX 77012",824.0,1930.0,1.0,2.0,5001.0,Single Family,-95.284458,29.738366
18904 Dog Bar Rd,Grass Valley,CA,95949,"18904 Dog Bar Rd, Grass Valley, CA 95949",0.0,0.0,0.0,0.0,0.0,Land,-121.005134,39.110928
505 Evelyn Ct,Keller,TX,76248,"505 Evelyn Ct, Keller, TX 76248",4090.0,2001.0,3.0,5.0,20469.0,Single Family,-97.242634,32.908644
11322 Cottonwood Hills Rd,Cashion,OK,73016,"11322 Cottonwood Hills Rd, Cashion, OK 73016",0.0,0.0,0.0,0.0,880348.0,Land,-97.650426,35.762313
PO Box 360,East Mc Keesport,PA,15035,"PO Box 360, East Mc Keesport, PA 15035",0.0,0.0,0.0,0.0,0.0,Unknown,-79.807939,40.384373
2528 E 97th Pl,Chicago,IL,60617,"2528 E 97th Pl, Chicago, IL 60617",938.0,1947.0,1.0,2.0,4370.0,Single Family,-87.562614,41.718437
4314 Gadwall Pl,Virginia Beach,VA,23462,"4314 Gadwall Pl, Virginia Beach, VA 23462",1556.0,1978.0,2.5,4.0,1235.0,Single Family,-76.122405,36.815665
10520 Tireman St,Detroit,MI,48204,"10520 Tireman St, Detroit, MI 48204",1399.0,1939.0,2.0,0.0,4792.0,Single Family,-83.164326,42.351867
15580 Nw Linder St,Portland,OR,97229,"15580 Nw Linder St, Portland, OR 97229",1742.0,0.0,2.5,3.0,1307.0,Single Family,-122.837623,45.568441
8434 San Carlos Blvd,Fort Myers,FL,33967,"8434 San Carlos Blvd, Fort Myers, FL 33967",1190.0,1978.0,2.0,3.0,9600.0,Single Family,-81.80725,26.470135
11642 Tropical Isle Ln,Riverview,FL,33579,"11642 Tropical Isle Ln, Riverview, FL 33579",1685.0,2004.0,2.0,4.0,5686.0,Single Family,-82.297814,27.791263999999998
824 Belvedere Blvd,Charlottesville,VA,22901,"824 Belvedere Blvd, Charlottesville, VA 22901",2773.0,2009.0,4.0,4.0,6186.0,Single Family,-78.457511,38.073489
15076 Cedar Springs Dr,Biloxi,MS,39532,"15076 Cedar Springs Dr, Biloxi, MS 39532",1650.0,0.0,2.0,3.0,0.0,Single Family,-88.976431,30.505227
6919 Altair Chase,San Antonio,TX,78252,"6919 Altair Chase, San Antonio, TX 78252",2322.0,2020.0,2.5,4.0,5227.0,Single Family,-98.631954,29.349008
101 Lewis St,Harrisburg,PA,17110,"101 Lewis St, Harrisburg, PA 17110",1232.0,1962.0,1.5,3.0,2614.0,Single Family,-76.903483,40.298302
905 Mcconnell Ave,Eden,NC,27288,"905 Mcconnell Ave, Eden, NC 27288",1924.0,1932.0,1.0,0.0,30750.0,Single Family,-79.770609,36.483945
2912 Quail Run Dr,Mesquite,TX,75149,"2912 Quail Run Dr, Mesquite, TX 75149",1378.0,2000.0,2.0,3.0,4990.0,Single Family,-96.644335,32.766263
4398 Us Hwy,Four Oaks,NC,27524,"4398 Us Hwy, 301 S, Four Oaks, NC 27524",0.0,0.0,0.0,0.0,0.0,Unknown,-78.390111,35.459107
73 Coles Pond Rd,Somersworth,NH,3878,"73 Coles Pond Rd, Somersworth, NH 03878",4722.0,1999.0,2.5,4.0,109771.0,Single Family,-70.897342,43.271191
1 Newcomb St,Boston,MA,2118,"1 Newcomb St, Unit 101, Boston, MA 02118",0.0,0.0,3.0,4.0,0.0,Condo,-71.078815,42.334384
1216 Old Fairhaven Pkwy,Bellingham,WA,98225,"1216 Old Fairhaven Pkwy, Apt 102, Bellingham, WA 98225",852.0,2006.0,2.0,2.0,0.0,Condo,-122.501176,48.717007
8370 E Via,Scottsdale,AZ,85258,"8370 E Via, De Ventura Ste K150, Scottsdale, AZ 85258",0.0,0.0,0.0,0.0,0.0,Unknown,-111.900756,33.554739
2511 Dolly Bay Dr,Palm Harbor,FL,34684,"2511 Dolly Bay Dr, Apt 308, Palm Harbor, FL 34684",1818.0,1984.0,2.5,3.0,621166.0,Condo,-82.737829,28.110577
106 Knight Ln,Lancaster,PA,17602,"106 Knight Ln, Lancaster, PA 17602",2770.0,2001.0,4.0,5.0,23522.0,Single Family,-76.241409,40.016226
1808 N Vermont Ave,Royal Oak,MI,48073,"1808 N Vermont Ave, Royal Oak, MI 48073",1403.0,0.0,1.5,3.0,0.0,Single Family,-83.12909,42.504836
8194 Sawgrass Way,Radford,VA,24141,"8194 Sawgrass Way, Radford, VA 24141",0.0,0.0,0.0,0.0,31363.0,Single Family,-80.540563,37.153162
50 Columbus Dr,Jersey City,NJ,7302,"50 Columbus Dr, Apt 3308, Jersey City, NJ 07302",0.0,0.0,0.0,0.0,0.0,Unknown,-74.038828,40.718285
14223 Saltby Pl,Spring Hill,FL,34609,"14223 Saltby Pl, Spring Hill, FL 34609",1846.0,2014.0,2.0,3.0,5500.0,Single Family,-82.490132,28.441966
1107 9th St NE,Milaca,MN,56353,"1107 9th St NE, Milaca, MN 56353",1630.0,0.0,2.0,4.0,0.0,Single Family,-93.635115,45.76344
2097 Belhaven Ave,Simi Valley,CA,93063,"2097 Belhaven Ave, Simi Valley, CA 93063",1998.0,1965.0,2.0,4.0,6700.0,Single Family,-118.661687,34.273898
720 Gormley Dr,Rockville,MD,20850,"720 Gormley Dr, Rockville, MD 20850",1568.0,1971.0,2.5,0.0,1627.0,Condo,-77.181581,39.081334
904 Bedford St,Austin,TX,78702,"904 Bedford St, Apt 1206, Austin, TX 78702",0.0,0.0,0.0,0.0,0.0,Unknown,-97.707733,30.271303
7946 Golfhill Dr,Port Arthur,TX,77642,"7946 Golfhill Dr, Port Arthur, TX 77642",3334.0,2002.0,0.0,0.0,11543.0,Single Family,-93.981246,29.944325
6154 Southbend Dr S,Mobile,AL,36619,"6154 Southbend Dr S, Mobile, AL 36619",2721.0,2010.0,3.0,3.0,0.0,Single Family,-88.185226,30.584284
123 Sylvia Ct,Vallejo,CA,94591,"123 Sylvia Ct, Vallejo, CA 94591",1776.0,1982.0,2.0,3.0,7840.0,Single Family,-122.219775,38.113262
5413 Village,Roanoke,VA,24018,"5413 Village, Run, Roanoke, VA 24018",2940.0,1988.0,3.5,3.0,5663.0,Single Family,-79.981095,37.21949
176 E Kerley Corners Rd,Red Hook,NY,12571,"176 E Kerley Corners Rd, Red Hook, NY 12571",2520.0,1970.0,3.0,4.0,564102.0,Single Family,-73.832718,42.042433
2427 Parkhighland Ct,Charlotte,NC,28273,"2427 Parkhighland Ct, Charlotte, NC 28273",1418.0,1984.0,2.0,3.0,15473.0,Single Family,-80.958326,35.139791
14747 Sw 175th St,Miami,FL,33187,"14747 Sw 175th St, Miami, FL 33187",1464.0,1995.0,2.0,3.0,6527.0,Single Family,-80.430895,25.604567
1717 N Bayshore Dr,Miami,FL,33132,"1717 N Bayshore Dr, Unit A2537, Miami, FL 33132",1048.0,0.0,1.5,1.0,0.0,Condo,-80.186175,25.791536999999998
20 Maple Ave,Cambridge,MA,2139,"20 Maple Ave, Apt 1, Cambridge, MA 02139",1161.0,0.0,2.0,2.0,0.0,Condo,-71.104491,42.372208
103 Hilltop Dr,Cochranville,PA,19330,"103 Hilltop Dr, Cochranville, PA 19330",1596.0,1967.0,1.5,3.0,22779.0,Single Family,-75.91821,39.88937
2614 Blackthorne Pl,Columbus,OH,43224,"2614 Blackthorne Pl, Columbus, OH 43224",925.0,1975.0,1.0,3.0,0.0,Single Family,-82.947313,40.056332
129 Midwell Rd,Wethersfield,CT,6109,"129 Midwell Rd, Wethersfield, CT 06109",1291.0,1964.0,2.0,3.0,12632.0,Single Family,-72.679848,41.697473
5560 Chickering Ct,Bartlesville,OK,74006,"5560 Chickering Ct, Bartlesville, OK 74006",2707.0,2002.0,2.0,4.0,0.0,Single Family,-95.91521,36.761893
3633 Clearview Dr,Corinth,TX,76210,"3633 Clearview Dr, Corinth, TX 76210",1650.0,1985.0,2.0,3.0,8002.0,Single Family,-97.051511,33.13284
306 50th Ave,Bellwood,IL,60104,"306 50th Ave, Bellwood, IL 60104",1100.0,0.0,2.0,3.0,0.0,Single Family,-87.894723,41.886421
11930 Sugar Hill Dr,Midlothian,VA,23112,"11930 Sugar Hill Dr, Midlothian, VA 23112",2849.0,2007.0,3.5,5.0,23305.0,Single Family,-77.613755,37.395461
438 Cuyahoga St,Kent,OH,44240,"438 Cuyahoga St, Kent, OH 44240",1372.0,1901.0,1.0,3.0,12319.0,Single Family,-81.360944,41.159766
1175 Canyon Rd,Ogden,UT,84404,"1175 Canyon Rd, Apt 58, Ogden, UT 84404",528.0,1985.0,1.0,1.0,436.0,Condo,-111.948875,41.241789
1513 Riverside Dr,Beaufort,SC,29902,"1513 Riverside Dr, Beaufort, SC 29902",2150.0,1972.0,2.0,3.0,0.0,Single Family,-80.702655,32.3908
PO Box 1810,Tampa,FL,33601,"PO Box 1810, Tampa, FL 33601",0.0,0.0,0.0,0.0,0.0,Unknown,-82.4579,27.9498
7390 17 Mile Rd NE,Cedar Springs,MI,49319,"7390 17 Mile Rd NE, Cedar Springs, MI 49319",2300.0,0.0,1.5,4.0,0.0,Single Family,-85.486385,43.219922
7703 Snowbasin,Converse,TX,78109,"7703 Snowbasin, Converse, TX 78109",1617.0,2020.0,2.5,3.0,5532.0,Single Family,-98.338187,29.467125
7801 E Mckinley St,Scottsdale,AZ,85257,"7801 E Mckinley St, Scottsdale, AZ 85257",1124.0,1967.0,2.0,0.0,12124.0,Single Family,-111.911261,33.455109
825 N Walnut St,Dover,OH,44622,"825 N Walnut St, Dover, OH 44622",1872.0,1915.0,2.0,4.0,9990.0,Single Family,-81.483907,40.526575
466 W Eagle Lake Dr,Maple Grove,MN,55369,"466 W Eagle Lake Dr, Maple Grove, MN 55369",960.0,1974.0,2.0,2.0,2178.0,Single Family,-93.42241,45.079408
1489 Nw 40th St,Miami,FL,33142,"1489 Nw 40th St, Miami, FL 33142",1808.0,1935.0,1.0,4.0,5000.0,Single Family,-80.221645,25.812896
2727 Northridge Cir,Purcell,OK,73080,"2727 Northridge Cir, Purcell, OK 73080",1927.0,2019.0,2.0,3.0,43560.0,Single Family,-97.372968,35.046383
176 E Foster St,Melrose,MA,2176,"176 E Foster St, Melrose, MA 02176",3132.0,0.0,2.5,5.0,0.0,Single Family,-71.05771,42.455745
14000 Noel Rd,Dallas,TX,75240,"14000 Noel Rd, Apt 1302, Dallas, TX 75240",0.0,0.0,0.0,0.0,0.0,Unknown,-96.815881,32.938697
30 N Mountain Rd,New Britain,CT,6053,"30 N Mountain Rd, Apt A, New Britain, CT 06053",960.0,1988.0,1.5,2.0,0.0,Condo,-72.819453,41.669423
2903 Nashville,Amarillo,TX,79118,"2903 Nashville, Amarillo, TX 79118",2084.0,2016.0,2.0,4.0,8280.0,Single Family,-101.869078,35.131682
10440 Armstrong St,Fairfax,VA,22030,"10440 Armstrong St, Fairfax, VA 22030",1428.0,1968.0,3.5,3.0,2100.0,Single Family,-77.305277,38.841386
211 Alnwick Ln,Waxhaw,NC,28173,"211 Alnwick Ln, Waxhaw, NC 28173",2702.0,1998.0,2.5,4.0,9235.0,Single Family,-80.803205,35.023064
56 Hill Top Rd,Huntsville,TX,77320,"56 Hill Top Rd, Huntsville, TX 77320",1765.0,2011.0,1.0,1.0,43778.0,Single Family,-95.380697,30.844317
1809 Winding Way Dr,White House,TN,37188,"1809 Winding Way Dr, White House, TN 37188",1152.0,1989.0,2.0,0.0,38665.0,Single Family,-86.659707,36.418664
1190 Portland Dr,Harrisonburg,VA,22801,"1190 Portland Dr, Harrisonburg, VA 22801",1052.0,1979.0,2.0,3.0,0.0,Single Family,-78.863356,38.413837
4310 Lower Honoapiilani Rd,Lahaina,HI,96761,"4310 Lower Honoapiilani Rd, Apt 618, Lahaina, HI 96761",631.0,1981.0,1.0,1.0,0.0,Condo,-156.678068,20.970768
105 E Linden St,Rome,NY,13440,"105 E Linden St, Rome, NY 13440",1160.0,1929.0,1.0,3.0,3049.0,Single Family,-75.447738,43.222558
1101 Saint Croix St N,Hudson,WI,54016,"1101 Saint Croix St N, Hudson, WI 54016",2994.0,0.0,2.0,4.0,0.0,Single Family,-92.74803,44.992722
1779 Summer Cloud Dr,Thousand Oaks,CA,91362,"1779 Summer Cloud Dr, Thousand Oaks, CA 91362",2237.0,1975.0,3.0,4.0,11243.0,Single Family,-118.845647,34.220438
6026 Birdie Dr,La Verne,CA,91750,"6026 Birdie Dr, La Verne, CA 91750",2239.0,1986.0,3.0,3.0,6050.0,Single Family,-117.769387,34.135414
1621 Award Dr,Manchester,MO,63021,"1621 Award Dr, Manchester, MO 63021",1736.0,1979.0,2.5,3.0,5218.0,Single Family,-90.48021,38.574942
1700 Wyatt Dr,Santa Clara,CA,95054,"1700 Wyatt Dr, Ste 10, Santa Clara, CA 95054",0.0,0.0,0.0,0.0,0.0,Unknown,-121.957381,37.388669
2334 Candle Ridge Trl,Georgetown,TX,78626,"2334 Candle Ridge Trl, Georgetown, TX 78626",2312.0,2001.0,2.0,3.0,6828.0,Single Family,-97.653007,30.634956
PO Box 38,Edinburg,IL,62531,"PO Box 38, Edinburg, IL 62531",0.0,0.0,0.0,0.0,0.0,Unknown,-89.383845,39.662474
128 Booth Cir,Ocean Springs,MS,39564,"128 Booth Cir, Ocean Springs, MS 39564",1746.0,1983.0,2.0,0.0,14372.0,Single Family,-88.766134,30.404803
3504 Se Franklin St,Portland,OR,97202,"3504 Se Franklin St, Portland, OR 97202",1168.0,0.0,2.0,3.0,0.0,Single Family,-122.62835,45.49875
404 Jackson St,Belden,NE,68717,"404 Jackson St, Belden, NE 68717",2240.0,0.0,2.0,4.0,0.0,Single Family,-97.208233,42.410532
1024 Coach Cir,Virginia Beach,VA,23462,"1024 Coach Cir, Apt 202, Virginia Beach, VA 23462",0.0,0.0,0.0,0.0,0.0,Unknown,-76.166411,36.867943
5024 Radcliffe Rd,Columbia,SC,29206,"5024 Radcliffe Rd, Columbia, SC 29206",3738.0,1952.0,4.0,4.0,40511.0,Single Family,-80.977109,34.014234
8783 109th St,Richmond Hill,NY,11418,"8783 109th St, Richmond Hill, NY 11418",2120.0,1920.0,0.0,0.0,2000.0,Duplex-Triplex,-73.837428,40.693749
2605 Bel Air Ln,Flower Mound,TX,75022,"2605 Bel Air Ln, Flower Mound, TX 75022",0.0,0.0,0.0,0.0,0.0,Unknown,-97.069608,32.990024
3012 N 13th St,Tacoma,WA,98406,"3012 N 13th St, Tacoma, WA 98406",1156.0,1928.0,1.0,3.0,6000.0,Single Family,-122.475558,47.261501
12046 Se Main St,Portland,OR,97216,"12046 Se Main St, Portland, OR 97216",1750.0,1954.0,1.5,4.0,7700.0,Single Family,-122.538587,45.514266
4442 S Benton Ave,Kansas City,MO,64130,"4442 S Benton Ave, Kansas City, MO 64130",1058.0,1921.0,1.0,3.0,8674.0,Single Family,-94.551013,39.044897
13538 Sw 64th Ter,Miami,FL,33183,"13538 Sw 64th Ter, Miami, FL 33183",1397.0,0.0,0.0,0.0,0.0,Single Family,-80.412827,25.707335
4037 Monarch Dr,Mcdonough,GA,30253,"4037 Monarch Dr, Mcdonough, GA 30253",1340.0,1998.0,2.0,3.0,10579.0,Single Family,-84.149657,33.462234
6320 Tuckaway Cove Ave,Las Vegas,NV,89139,"6320 Tuckaway Cove Ave, Las Vegas, NV 89139",3297.0,2004.0,3.0,5.0,6534.0,Single Family,-115.230308,36.045439
3150 Plaza Terrace Dr,Orlando,FL,32803,"3150 Plaza Terrace Dr, Orlando, FL 32803",663.0,1972.0,1.0,1.0,9675.0,Condo,-81.345342,28.561544
225 Camellia Dr,Prattville,AL,36067,"225 Camellia Dr, Prattville, AL 36067",1336.0,1967.0,1.5,3.0,14248.0,Single Family,-86.458206,32.47446
83 Trinity Cir,Livermore,CA,94551,"83 Trinity Cir, Livermore, CA 94551",2206.0,1981.0,4.0,4.0,7564.0,Single Family,-121.803279,37.688346
1739 Emerald Lake Ct,Houston,TX,77062,"1739 Emerald Lake Ct, Houston, TX 77062",1787.0,1993.0,2.0,3.0,6299.0,Single Family,-95.147007,29.587198
480 Kimball St,Manchester,NH,3102,"480 Kimball St, Apt 6, Manchester, NH 03102",0.0,0.0,0.0,0.0,0.0,Unknown,-71.493714,42.999168
7 Harkin Ln,Hicksville,NY,11801,"7 Harkin Ln, Hicksville, NY 11801",1488.0,1954.0,2.0,4.0,8424.0,Single Family,-73.521293,40.753103
5225 Forestville Rd,Raleigh,NC,27604,"5225 Forestville Rd, Raleigh, NC 27604",950.0,1959.0,1.0,0.0,524898.0,Single Family,-78.513865,35.840435
3071 Old New Cut Rd,Springfield,TN,37172,"3071 Old New Cut Rd, Springfield, TN 37172",1392.0,0.0,2.0,3.0,0.0,Unknown,-86.87249,36.465172
118 Everette Ln,Smithfield,NC,27577,"118 Everette Ln, Smithfield, NC 27577",1296.0,1956.0,1.5,3.0,236095.0,Single Family,-78.340382,35.529834
23 Concord Pl,Clementon,NJ,8021,"23 Concord Pl, Clementon, NJ 08021",1930.0,1969.0,3.0,3.0,0.0,Single Family,-75.036277,39.823281
5929 Se 88th St,Oklahoma City,OK,73135,"5929 Se 88th St, Oklahoma City, OK 73135",2021.0,2000.0,2.0,3.0,6882.0,Single Family,-97.41888,35.378097
8449 Thompson Ct NW,Bemidji,MN,56601,"8449 Thompson Ct NW, Bemidji, MN 56601",0.0,0.0,0.0,0.0,45302.0,Vacant,-94.885711,47.550714
2295 Wilshire Dr,Grayson,GA,30017,"2295 Wilshire Dr, Grayson, GA 30017",7623.0,2000.0,3.5,3.0,43560.0,Single Family,-83.970092,33.877263
1801 Barron Ln,Fort Worth,TX,76112,"1801 Barron Ln, Fort Worth, TX 76112",1428.0,1962.0,2.0,3.0,7340.0,Single Family,-97.20708,32.753203
1327 Wellesley Ave,Steubenville,OH,43952,"1327 Wellesley Ave, Steubenville, OH 43952",1144.0,1920.0,1.0,3.0,3049.0,Single Family,-80.624455,40.371324
905 Grooms Rd Dr,Clifton Park,NY,12148,"905 Grooms Rd Dr, Lot Penfield, Clifton Park, NY 12148",0.0,0.0,0.0,0.0,0.0,Land,-73.85718,42.83881
418 Boxelder Dr,Stafford,VA,22554,"418 Boxelder Dr, Apt 102, Stafford, VA 22554",1720.0,2019.0,3.0,3.0,0.0,Condo,-77.434588,38.445569
2280 Valley Ave,Winchester,VA,22601,"2280 Valley Ave, Winchester, VA 22601",0.0,0.0,0.0,0.0,0.0,Unknown,-78.184273,39.159844
211 N Citrus Ave,Inverness,FL,34450,"211 N Citrus Ave, Inverness, FL 34450",4050.0,1980.0,0.0,0.0,21161.0,Multi Family,-82.335725,28.839334
1304 W 3rd St,Vinton,IA,52349,"1304 W 3rd St, Vinton, IA 52349",922.0,1925.0,1.0,2.0,22320.0,Single Family,-92.039252,42.168499
4701 San Leandro St,Oakland,CA,94601,"4701 San Leandro St, Apt 209J, Oakland, CA 94601",0.0,0.0,0.0,0.0,0.0,Unknown,-122.213887,37.7678
7905 W Thunderbird Rd,Peoria,AZ,85381,"7905 W Thunderbird Rd, Unit 287, Peoria, AZ 85381",784.0,0.0,1.0,2.0,0.0,Single Family,-112.229526,33.609271
101 Johnston St,Savannah,GA,31405,"101 Johnston St, Savannah, GA 31405",3582.0,1968.0,3.0,4.0,18286.0,Single Family,-81.110074,32.021833
1620 N 26th Ave,Hollywood,FL,33020,"1620 N 26th Ave, Hollywood, FL 33020",0.0,0.0,0.0,0.0,0.0,Unknown,-80.159333,26.025696
14564 Woodgate Manor Cir,Centreville,VA,20120,"14564 Woodgate Manor Cir, Centreville, VA 20120",2047.0,1992.0,3.5,4.0,1400.0,Townhouse,-77.449641,38.841559
618 Wainsford Dr,Hoffman Estates,IL,60169,"618 Wainsford Dr, Hoffman Estates, IL 60169",2272.0,1987.0,2.5,3.0,9429.0,Single Family,-88.111105,42.038339
6387 Shea Tree Cir,Mechanicsville,VA,23111,"6387 Shea Tree Cir, Mechanicsville, VA 23111",1300.0,1987.0,2.0,3.0,17380.0,Single Family,-77.328229,37.626366
102 Colony Dr,North Myrtle Beach,SC,29582,"102 Colony Dr, North Myrtle Beach, SC 29582",1454.0,1980.0,2.0,3.0,3920.0,Condo,-78.664632,33.834341
21 Crescent Pl,Sheridan,WY,82801,"21 Crescent Pl, Sheridan, WY 82801",2035.0,1975.0,3.0,3.0,76883.0,Single Family,-106.974686,44.796699
110 E 60th St,New York City,NY,10022,"110 E 60th St, Unit 700, New York City, NY 10022",2080.0,0.0,0.0,0.0,0.0,Condo,-73.968771,40.763182
5707 Se 48th St,Oklahoma City,OK,73135,"5707 Se 48th St, Apt 704, Oklahoma City, OK 73135",1085.0,0.0,2.0,3.0,0.0,Apartment,-97.421059,35.416607
1031 Nottinghill Ct,Indianapolis,IN,46234,"1031 Nottinghill Ct, Apt 2C, Indianapolis, IN 46234",0.0,0.0,0.0,0.0,0.0,Unknown,-86.30973,39.769492
1435 Mckinley Ave,San Antonio,TX,78210,"1435 Mckinley Ave, San Antonio, TX 78210",1520.0,1930.0,2.0,3.0,6490.0,Single Family,-98.461882,29.392892
254 Hagan Pl,Secaucus,NJ,7094,"254 Hagan Pl, Secaucus, NJ 07094",0.0,0.0,3.5,4.0,0.0,Single Family,-74.059525,40.798901
160018 Arch St,Philadelphia,PA,19103,"160018 Arch St, Unit 1211, Philadelphia, PA 19103",799.0,0.0,1.0,1.0,0.0,Condo,-75.16699219,39.9545784
311 Los Altos Way,Altamonte Springs,FL,32714,"311 Los Altos Way, # 436L34, Altamonte Springs, FL 32714",1058.0,0.0,2.0,2.0,0.0,Apartment,-81.39983,28.667196
803 Jefferson St,Eufaula,AL,36027,"803 Jefferson St, Eufaula, AL 36027",1639.0,1952.0,1.0,2.0,6250.0,Duplex-Triplex,-85.157399,31.886714
903 Peachtree St NE,Atlanta,GA,30309,"903 Peachtree St NE, Unit 1322, Atlanta, GA 30309",521.0,0.0,1.0,1.0,0.0,Apartment,-84.383835,33.779205
37178 Dondero Way,Fremont,CA,94536,"37178 Dondero Way, Fremont, CA 94536",747.0,1952.0,1.0,2.0,5429.0,Single Family,-122.017728,37.548298
422 Shuart Ave,Syracuse,NY,13203,"422 Shuart Ave, Syracuse, NY 13203",1440.0,1890.0,1.0,3.0,3354.0,Single Family,-76.123084,43.062587
5208 Dartmoor Ridge Trl,Houston,TX,77066,"5208 Dartmoor Ridge Trl, Houston, TX 77066",2246.0,2012.0,2.5,3.0,3080.0,Single Family,-95.496773,29.941081
401 Leighann Rd,Henderson,NV,89015,"401 Leighann Rd, Henderson, NV 89015",1458.0,1992.0,2.0,3.0,7841.0,Single Family,-114.999055,36.02689
1138 S Truro Ave,Inglewood,CA,90301,"1138 S Truro Ave, Inglewood, CA 90301",1387.0,1938.0,2.0,3.0,5887.0,Single Family,-118.357728,33.947655
1217 Sussex St,Boynton Beach,FL,33436,"1217 Sussex St, Boynton Beach, FL 33436",1438.0,1991.0,2.0,3.0,5040.0,Single Family,-80.104485,26.563063
300 Pitney Rd,Absecon,NJ,8201,"300 Pitney Rd, Absecon, NJ 08201",1446.0,1953.0,0.0,0.0,12750.0,Single Family,-74.499459,39.429333
947 N 35th St,Milwaukee,WI,53208,"947 N 35th St, Milwaukee, WI 53208",1315.0,1923.0,1.0,4.0,7318.0,Single Family,-87.958232,43.042759
3702 Bentley Pl,Waxhaw,NC,28173,"3702 Bentley Pl, Waxhaw, NC 28173",1466.0,1997.0,2.0,3.0,10890.0,Single Family,-80.756587,34.940161
4586 Trilogy Park Trl,Hoschton,GA,30548,"4586 Trilogy Park Trl, Hoschton, GA 30548",4249.0,2007.0,2.0,5.0,15682.0,Single Family,-83.852888,34.079676
1044 Camino Ln,Austin,TX,78752,"1044 Camino Ln, Costa Apt 2032, Austin, TX 78752",0.0,0.0,0.0,0.0,0.0,Unknown,-97.699434,30.324771
1835 S Sherman St,Denver,CO,80210,"1835 S Sherman St, Denver, CO 80210",1666.0,1890.0,2.5,3.0,6250.0,Single Family,-104.985508,39.683271
10206 Paganica Pl,Hutchinson,KS,67502,"10206 Paganica Pl, Hutchinson, KS 67502",1784.0,0.0,2.5,3.0,0.0,Single Family,-97.945405,38.166394
7034 2nd St N,Saint Petersburg,FL,33702,"7034 2nd St N, Saint Petersburg, FL 33702",1018.0,1987.0,2.0,0.0,6390.0,Single Family,-82.636783,27.836462
7267 Winchester Rd,Memphis,TN,38125,"7267 Winchester Rd, Memphis, TN 38125",0.0,0.0,0.0,0.0,0.0,Unknown,-89.821455,35.048564
2417 Elaine St,Lake Charles,LA,70601,"2417 Elaine St, Lake Charles, LA 70601",0.0,0.0,0.0,0.0,7405.0,Land,-93.182975,30.230556
321 W 1st St,Eloy,AZ,85131,"321 W 1st St, Eloy, AZ 85131",1225.0,2006.0,2.0,3.0,7405.0,Single Family,-111.560892,32.749238
1775 N Mountain View Ct,Washington,UT,84780,"1775 N Mountain View Ct, Washington, UT 84780",2757.0,2015.0,3.0,4.0,14375.0,Single Family,-113.529723,37.154714
971 Rye Dr,La Plata,MD,20646,"971 Rye Dr, La Plata, MD 20646",2380.0,0.0,3.5,3.0,0.0,Condo,-76.950064,38.541579
188 Perkins Ave,Waterbury,CT,6704,"188 Perkins Ave, Unit 9, Waterbury, CT 06704",994.0,1987.0,1.5,2.0,0.0,Condo,-73.034693,41.583865
1372 Slate Ct,Cleveland,OH,44118,"1372 Slate Ct, Cleveland, OH 44118",2124.0,2013.0,2.5,3.0,3363.0,Single Family,-81.554107,41.522501
4730 59th St,Woodside,NY,11377,"4730 59th St, Apt 11E, Woodside, NY 11377",0.0,0.0,0.0,0.0,0.0,Unknown,-73.907084,40.739539
637 Main St,Woodland,PA,16881,"637 Main St, Woodland, PA 16881",1500.0,1890.0,1.0,4.0,20037.0,Single Family,-78.353444,40.99667
18384 Nw County Rd,Frost,TX,76641,"18384 Nw County Rd, 3316, Frost, TX 76641",476.0,1982.0,0.0,0.0,12894.0,Single Family,-96.752217,31.991046
50 Stroud Dr SE,Mableton,GA,30126,"50 Stroud Dr SE, Mableton, GA 30126",1594.0,2014.0,2.5,3.0,18639.0,Single Family,-84.55641,33.793564
19 Bronsdon St,Brighton,MA,2135,"19 Bronsdon St, Apt E, Brighton, MA 02135",0.0,0.0,0.0,0.0,0.0,Unknown,-71.143581,42.359977
510 Bankhead Hwy,Carrollton,GA,30117,"510 Bankhead Hwy, Carrollton, GA 30117",0.0,0.0,0.0,0.0,0.0,Unknown,-85.059758,33.587112
1019 Copeland St,Jacksonville,FL,32204,"1019 Copeland St, Jacksonville, FL 32204",0.0,0.0,0.0,0.0,0.0,Unknown,-81.685194,30.314442
701 Winter Ct,Nashville,TN,37211,"701 Winter Ct, Nashville, TN 37211",0.0,0.0,0.0,0.0,0.0,Unknown,-86.724074,36.019336
615 Penhurst Pl,Hendersonville,TN,37075,"615 Penhurst Pl, Hendersonville, TN 37075",2498.0,2018.0,0.0,4.0,0.0,Single Family,-86.592409,36.359852
3625 Kevin Ryan Dr,Baton Rouge,LA,70816,"3625 Kevin Ryan Dr, Baton Rouge, LA 70816",1355.0,1993.0,0.0,0.0,0.0,Single Family,-91.016858,30.419869
10514 Quimby Dr,Port Richey,FL,34668,"10514 Quimby Dr, Port Richey, FL 34668",1758.0,1988.0,2.0,2.0,6513.0,Single Family,-82.667277,28.310509
602 Pleasants Dr,Fredericksburg,VA,22407,"602 Pleasants Dr, Fredericksburg, VA 22407",1000.0,1980.0,1.5,3.0,10875.0,Single Family,-77.518563,38.22809
1120 S Wright Blvd,Liberty Lake,WA,99019,"1120 S Wright Blvd, Liberty Lake, WA 99019",1881.0,0.0,2.0,3.0,0.0,Single Family,-117.093787,47.645955
Seminole Dr,Mountain City,TN,37683,"Seminole Dr, Lot 32, Mountain City, TN 37683",0.0,0.0,0.0,0.0,266587.0,Land,-81.771995,36.469116
621 E 94th St,Odessa,TX,79765,"621 E 94th St, Odessa, TX 79765",1380.0,2018.0,0.0,0.0,6761.0,Single Family,-102.395909,31.949365
1624 S Bardo St,Visalia,CA,93277,"1624 S Bardo St, Visalia, CA 93277",1195.0,1956.0,1.0,0.0,7028.0,Single Family,-119.293279,36.316034
1490 45th Ave,San Francisco,CA,94122,"1490 45th Ave, San Francisco, CA 94122",1304.0,1937.0,1.0,2.0,1746.0,Single Family,-122.504495,37.758839
1061H Blanton Mill Rd,Griffin,GA,30224,"1061H Blanton Mill Rd, Griffin, GA 30224",896.0,1982.0,2.0,0.0,217800.0,Manufactured,-84.413898,33.224321
245 E 121st St,Chicago,IL,60628,"245 E 121st St, Apt 2, Chicago, IL 60628",0.0,0.0,0.0,0.0,0.0,Unknown,-87.615993,41.674465
1673 E Bradstock Way,San Tan Valley,AZ,85140,"1673 E Bradstock Way, San Tan Valley, AZ 85140",1401.0,2005.0,0.0,0.0,4950.0,Single Family,-111.547751,33.237107
5521 Castleview Ln,Garland,TX,75044,"5521 Castleview Ln, Garland, TX 75044",2262.0,1978.0,2.5,4.0,12880.0,Single Family,-96.676526,32.966363
5497 Northwest Dr N,Bellingham,WA,98226,"5497 Northwest Dr N, Bellingham, WA 98226",947.0,0.0,1.0,2.0,0.0,Single Family,-122.54156,48.840471
30 N Michigan Ave,Chicago,IL,60602,"30 N Michigan Ave, Ste 1817, Chicago, IL 60602",0.0,0.0,0.0,0.0,0.0,Unknown,-87.625005,41.882996
1601 Chester Mill Rd,Silver Spring,MD,20906,"1601 Chester Mill Rd, Silver Spring, MD 20906",1934.0,1972.0,3.0,0.0,15242.0,Single Family,-77.036611,39.118098
6415 Bull Valley Rd,Mchenry,IL,60050,"6415 Bull Valley Rd, Mchenry, IL 60050",0.0,0.0,0.0,0.0,0.0,Land,-88.323641,42.316179
737 E 24th St,Los Angeles,CA,90011,"737 E 24th St, Apt 12, Los Angeles, CA 90011",0.0,0.0,0.0,0.0,0.0,Unknown,-118.259578,34.022968
1024 Wyoming Ave,Fort Lauderdale,FL,33312,"1024 Wyoming Ave, Fort Lauderdale, FL 33312",1534.0,1956.0,2.0,3.0,7499.0,Single Family,-80.197349,26.1096
6401 Skycrest Dr,Austin,TX,78745,"6401 Skycrest Dr, Austin, TX 78745",2097.0,1978.0,1.0,4.0,7832.0,Single Family,-97.781011,30.197264
63 Catherine St,Trumbull,CT,6611,"63 Catherine St, Trumbull, CT 06611",2682.0,0.0,2.0,3.0,0.0,Single Family,-73.224038,41.259363
709 10th St S,Northwood,IA,50459,"709 10th St S, Northwood, IA 50459",712.0,1920.0,1.0,2.0,14190.0,Single Family,-93.218654,43.437961
1206 York Rd,Lutherville Timonium,MD,21093,"1206 York Rd, Ste 202, Lutherville Timonium, MD 21093",0.0,0.0,0.0,0.0,0.0,Unknown,-76.614929,39.416237
11059 Landsbury Cir,Houston,TX,77099,"11059 Landsbury Cir, Houston, TX 77099",1710.0,1983.0,2.0,3.0,5602.0,Single Family,-95.574293,29.660084
5530 Arnold Palmer Dr,Orlando,FL,32811,"5530 Arnold Palmer Dr, Apt 931, Orlando, FL 32811",0.0,0.0,0.0,0.0,0.0,Unknown,-81.455854,28.51056
4745 Nw 32nd Ave,Miami,FL,33142,"4745 Nw 32nd Ave, Miami, FL 33142",3000.0,1956.0,4.0,7.0,6000.0,Single Family,-80.248433,25.817594
2637 Ne M L King Blvd,Portland,OR,97212,"2637 Ne M L King Blvd, Ste B, Portland, OR 97212",0.0,0.0,0.0,0.0,0.0,Unknown,-122.661751,45.541491
1521 N Hastings St,Orlando,FL,32808,"1521 N Hastings St, Orlando, FL 32808",1101.0,1957.0,1.0,3.0,10560.0,Single Family,-81.459135,28.560965
15 Chippewa Rd,Toms River,NJ,8753,"15 Chippewa Rd, Toms River, NJ 08753",1987.0,1976.0,2.0,0.0,15987.0,Single Family,-74.169227,39.983332
44422 Sunset Maple Dr,Ashburn,VA,20147,"44422 Sunset Maple Dr, Ashburn, VA 20147",2447.0,2007.0,3.0,0.0,4356.0,Condo,-77.462957,39.047114
11009 W Lincoln St,Avondale,AZ,85323,"11009 W Lincoln St, Avondale, AZ 85323",2830.0,2024.0,3.5,4.0,7658.0,Single Family,-112.296009,33.440608
9200 Ball Rd,Cattaraugus,NY,14719,"9200 Ball Rd, Cattaraugus, NY 14719",2256.0,1987.0,2.5,4.0,134165.0,Single Family,-78.837709,42.409998
385 Hawthorn Hall,East Stroudsburg,PA,18301,"385 Hawthorn Hall, East Stroudsburg, PA 18301",0.0,0.0,0.0,0.0,0.0,Unknown,-75.198445,41.003755
1401 Sw 17th St,Boca Raton,FL,33486,"1401 Sw 17th St, Boca Raton, FL 33486",2285.0,1980.0,2.0,4.0,9814.0,Single Family,-80.114077,26.333184
815 1st Ave S,Estherville,IA,51334,"815 1st Ave S, Estherville, IA 51334",0.0,0.0,0.0,0.0,8712.0,Single Family,-94.833272,43.401115
4473 Westview Dr,Copley,OH,44321,"4473 Westview Dr, Copley, OH 44321",3844.0,1993.0,4.0,4.0,22455.0,Single Family,-81.671311,41.124544
4103 Flowerton Rd,Baltimore,MD,21229,"4103 Flowerton Rd, Baltimore, MD 21229",840.0,1960.0,1.0,0.0,1470.0,Condo,-76.684582,39.298316
1052 S Fresno St,Chandler,AZ,85286,"1052 S Fresno St, Chandler, AZ 85286",1534.0,2007.0,2.0,3.0,4500.0,Single Family,-111.834406,33.290756
1548 E 4500 S,Salt Lake City,UT,84117,"1548 E 4500 S, Ste 101, Salt Lake City, UT 84117",0.0,0.0,0.0,0.0,0.0,Unknown,-111.845678,40.674001
17950 N 97th Pl,Scottsdale,AZ,85255,"17950 N 97th Pl, Scottsdale, AZ 85255",4256.0,2013.0,4.0,0.0,13401.0,Single Family,-111.871846,33.648841
1037 Fair Meadow Rd,Memphis,TN,38117,"1037 Fair Meadow Rd, Memphis, TN 38117",3754.0,1953.0,3.0,5.0,22477.0,Single Family,-89.912281,35.103338
287 Tara Woods Dr,Riverdale,GA,30274,"287 Tara Woods Dr, Riverdale, GA 30274",1038.0,2005.0,2.0,2.0,0.0,Single Family,-84.399229,33.566793
PO Box 20190,Houston,TX,77225,"PO Box 20190, Houston, TX 77225",0.0,0.0,0.0,0.0,0.0,Unknown,-95.4179,29.6928
1921 E Oak Bend Dr,Draper,UT,84020,"1921 E Oak Bend Dr, Draper, UT 84020",1835.0,2000.0,2.5,4.0,5663.0,Single Family,-111.838188,40.477226
6046 12th St NW,Canton,OH,44708,"6046 12th St NW, Canton, OH 44708",1040.0,1965.0,2.0,3.0,18469.0,Single Family,-81.465506,40.812003
22 Meadow Vista Ct,Saint Peters,MO,63376,"22 Meadow Vista Ct, Saint Peters, MO 63376",2785.0,2014.0,3.0,4.0,21344.0,Single Family,-90.652893,38.77199
115 Sylvan Lake Blvd,Bayville,NJ,8721,"115 Sylvan Lake Blvd, Bayville, NJ 08721",1726.0,1995.0,2.0,2.0,6000.0,Single Family,-74.167473,39.911111
1339 Wilson Ave,Upland,CA,91786,"1339 Wilson Ave, Upland, CA 91786",1827.0,1977.0,2.0,4.0,8239.0,Single Family,-117.677031,34.112032
4816 Friendly St,Pace,FL,32571,"4816 Friendly St, Pace, FL 32571",1665.0,1971.0,2.0,4.0,14810.0,Single Family,-87.121484,30.605816
2011 Brandt Rd,Vancouver,WA,98661,"2011 Brandt Rd, Apt 75, Vancouver, WA 98661",0.0,0.0,0.0,0.0,0.0,Unknown,-122.629408,45.637294
921 S Val Vista Dr,Mesa,AZ,85204,"921 S Val Vista Dr, Unit 53, Mesa, AZ 85204",2040.0,1988.0,2.0,5.0,7907.0,Single Family,-111.751247,33.398764
423 Northvalley Dr,San Antonio,TX,78216,"423 Northvalley Dr, San Antonio, TX 78216",1432.0,1964.0,1.5,3.0,16335.0,Single Family,-98.500228,29.531635
4318 W Jackson Blvd,Chicago,IL,60624,"4318 W Jackson Blvd, Chicago, IL 60624",2478.0,1900.0,2.0,4.0,3050.0,Apartment,-87.733691,41.87724
1715 S Kansas Pl,Nampa,ID,83686,"1715 S Kansas Pl, Nampa, ID 83686",1958.0,2017.0,3.0,4.0,10019.0,Single Family,-116.590689,43.552002
220 Margaret St,Neptune Beach,FL,32266,"220 Margaret St, Neptune Beach, FL 32266",1592.0,1938.0,2.0,4.0,6117.0,Duplex-Triplex,-81.394913,30.30936
2412 S Verbena,Mesa,AZ,85209,"2412 S Verbena, Mesa, AZ 85209",1405.0,1995.0,2.0,0.0,7640.0,Single Family,-111.655129,33.371798
1513 Oregon St,Lake Charles,LA,70607,"1513 Oregon St, Lake Charles, LA 70607",0.0,0.0,0.0,0.0,0.0,Single Family,-93.19875,30.193468
306 W Main St,Hallsville,TX,75650,"306 W Main St, Hallsville, TX 75650",0.0,0.0,0.0,0.0,0.0,Unknown,-94.578608,32.504763
2716 Fenway Ave,Chesapeake,VA,23323,"2716 Fenway Ave, Chesapeake, VA 23323",1014.0,1963.0,1.0,0.0,10193.0,Single Family,-76.34131,36.760659
1 Columbus Pl,New York,NY,10019,"1 Columbus Pl, Apt N9A, New York, NY 10019",0.0,0.0,0.0,0.0,0.0,Unknown,-73.985463,40.769346
5500 Sw 109th Street Rd,Ocala,FL,34476,"5500 Sw 109th Street Rd, Ocala, FL 34476",1335.0,1995.0,2.0,3.0,25700.0,Single Family,-82.211654,29.064197
1813 Edinburgh St,Metairie,LA,70001,"1813 Edinburgh St, Metairie, LA 70001",0.0,0.0,0.0,0.0,4275.0,Single Family,-90.143424,29.979505
5895 Kingsmont Dr,Fairfield,OH,45014,"5895 Kingsmont Dr, Fairfield, OH 45014",1088.0,1979.0,2.5,3.0,11761.0,Single Family,-84.533884,39.317403
4882 Wilkie Way NW,Acworth,GA,30102,"4882 Wilkie Way NW, Acworth, GA 30102",1792.0,1995.0,2.5,3.0,7561.0,Single Family,-84.605257,34.071661
345 Vernier Ave,Lafayette,CO,80026,"345 Vernier Ave, Lafayette, CO 80026",1962.0,1995.0,3.0,4.0,8102.0,Single Family,-105.107039,39.996515
PO Box 666,Vernon,TX,76385,"PO Box 666, Vernon, TX 76385",0.0,0.0,0.0,0.0,0.0,Unknown,-99.2834,34.1544
3900 Nebel St,Stevens Point,WI,54481,"3900 Nebel St, Stevens Point, WI 54481",2720.0,0.0,3.0,4.0,0.0,Single Family,-89.545927,44.503161
1321 Canterlane Dr,Houston,TX,77047,"1321 Canterlane Dr, Houston, TX 77047",1814.0,1955.0,2.0,3.0,11208.0,Single Family,-95.401733,29.619911
930 Willow Brook Ave,Denham Springs,LA,70726,"930 Willow Brook Ave, Denham Springs, LA 70726",1477.0,1979.0,2.0,4.0,15682.0,Single Family,-90.939542,30.495851
101 Halsey Ave,Reading,PA,19609,"101 Halsey Ave, Reading, PA 19609",1402.0,1956.0,1.0,3.0,11326.0,Single Family,-76.004313,40.319254
3356 Bowman St,Philadelphia,PA,19129,"3356 Bowman St, Philadelphia, PA 19129",1120.0,1945.0,1.0,3.0,1688.0,Single Family,-75.185959,40.012812
2601 Sunset Blvd,Minneapolis,MN,55416,"2601 Sunset Blvd, Apt B2, Minneapolis, MN 55416",0.0,0.0,0.0,0.0,0.0,Unknown,-93.320263,44.952871
1594 Sunview St,Muskegon,MI,49445,"1594 Sunview St, Muskegon, MI 49445",1236.0,1950.0,1.0,3.0,43560.0,Single Family,-86.27644599999999,43.281883
400 W St Elmo Rd,Austin,TX,78745,"400 W St Elmo Rd, Unit 8158, Austin, TX 78745",600.0,0.0,1.0,1.0,0.0,Apartment,-97.770152,30.220968
1319 Elmwood Ave SW,North Canton,OH,44720,"1319 Elmwood Ave SW, North Canton, OH 44720",1196.0,1974.0,2.5,3.0,7449.0,Single Family,-81.402493,40.863235
